useful,comment
0,様々な企業のデータを分析してみたいです。
0,優位すべきポイントであることは理解しました。
0,もう少し詳しく知りたい
0,"ここは大丈夫です。★★★★★
"
0,回転率、意識したいです。
0,理解度がイマイチなので、後で復習します。
0,効率性分析について理解できた
0,効率性は業種をよく見極めて判断する事が必要だと学びました。
0,"効率性分析に関しては初めて学んだ。
4つの指標をはじめ、まだ落とし込めていない部分があるので再確認していきたい。"
0,ふだん使わない分析なので、勉強になった
0,在庫を抱えない業界に属するため効率性分析は今までピンと来なかったが、非常にわかりやすかった。
0,効率性分析を活用して行きたい
0,"いままでに自分にはない感覚である。
しっかり学習したい。"
0,実際に興味のある企業で比較してみたいと思います。
0,"各種の公式から読み取れる値の意味合いが、まだまだ理解できていない。
B/Sの呼び名費用かP/Lの呼び名費用かも、理解がまだまだ、復習、復習。"
0,理解度を高めたいので再確認する。
0,式が覚えられない。自分でまとめる必要あり。
1,効率性分析用いて自社および競合他社の収益性を見てみたい。
0,"業務にいつか役にたつ日があるかもしれません


"
1,回転率は、どの資産が無駄になっているのかを考えるよい指標だと思った。また、遊休資産という言葉をここで初めて学んだ。
1,"高級品志向のA社と廉価品販売のB社、傾向がはっきり分かれて
指標の考え方がよく理解できた。資産の効率的な活用ができて
いるかを考えた際に、余剰な資産のカットするか違う活用が
できるかの英断が問われる。"
"",感覚的に回転効率を感じていただけであったことを実感した。
"",業界やブランド特性を踏まえた分析の必要性が理解できたが、その考え方の決め方がかなり難しい課題との認識を持った。
"",我々の業界ではあまり使わない言葉であるが、お客様を見るときに今後役に立つと思います。
"",分析をする上で、業界の特性や市場動向も併せて考慮する必要があり、分析結果は一目瞭然だと思うが一概に結論を出す事は難しいと思う。
"",効率性分析は企業活動を評価する上で重要であると思った。但し特に在庫に関して、それが無駄な在庫なのか、戦略的に有益な在庫なのか、そういう目線を養っていくことが重要であることを理解した。
"",だんだんわかってきました。
"","他社の効率性指標と比較し、無駄な資産を抱え込んだり無駄な資金調達を行う状況になっていないかを確認。
その際、業界特性や他の数値・財務指標とのバランス等を考慮する必要あり。
色々な企業の分析例を見て、分析パターンや各種業界の特性を学び、判断に役立てたい。"
"",効率性分析によって，いかに自社の無駄な資産を把握し対処できるかが大事．
"",業種によって色が出そうだなと思ったが、少ない資産で効率的にお金を生み出せた方がもちろん良いに決まっている。製造業でしか例に挙がっていなかったので、自分の業種の効率性を調査してみたい。
"",業界の特性等を理解した上で分析することが大切。在庫を多く抱えているからといって、一概にダメだとは言えないということに注意する必要があると思いました。
"",効率性分析をすることで、企業の事業方針を固めることができるので活用するべきであると感じた。
"",業務で使えるように、訓練したい。
"",少ない投資額で多額の利益を得たほうが好ましいというのは納得できる
"","《企業をみるための観点が見つかった》
▽知れた点
・効率性からも企業の健康診断ができる
・潜在能力を効率性からみる
・将来性もはかることができる
"
"",日々の営業活動に活用したい
"",企業の財務や資産の無駄を見極める指標について学んだ。
"",無駄な在庫があると比率が下がるので、在庫を意識する事が大切だと思いました。
"",企業の効率性を細分化して、自分自身が行っているレベルの企業活動において、少しでも無駄はないかを思考してみる。棚卸資産回転率から、適正な粗利率を見直したり、一商品に対してかけている費用の最小限化が出来ないかなどを思考していきたい。
"",みすｔってしまいました。あわてるとよくない。
"",実際に分析を行うことでより深く理解したい。
"",複数企業の効率性を分析するための第一歩として活用していきたい。
"",資産の効率という概念は大変勉強になりました。
"","効率性分析を習慣にする。
学んでも使用しない場合、必然的に忘却する為、使用していく。"
"","資産を活用し売上を作る。
総資産回転率、売上債権回転率、棚卸資産回転率、仕入債務回転率を自社のバランスシートで確認します。
"
"",各社での適正在庫の目安の決め方が重要であり、必要経費と考える水準の設定がポイントであると感じた。
"",業界によって比率が異なる為、自社の時系列比較や業界内の他社との比較をし、今の水準が適切かどうか見極める必要があると感じました。
"","財務・会見の知識や経験は乏しいので勉強になる。
財務分析を何度かやって経験を積んで得た知識を自分のものにしたい。
"
"",効率性分析の際は、いつの数字を使うかも重要であり、ブランド特性も数字にいきてくるため、杓子定規にはみれないと感じた。
"",効率性を上げることは重要と分かった。ただし効率性を上げる過程で必要なものまでカットしないか判断することが実務上では大切と感じました。
"",総資産回転率は分かりやすいが、他の回転率の使いどころが思いつかなかったため、この後、もう一度復讐したいと思う。
"",在庫は大きな課題。分析より経営のインパクトを確認できるようにしたい。
"",難しいので復習のタイミングを決めて理解する
"",効率性については、実務レベルの学びが必要と感じた。
"",資産の効率化を図る上で必要な事と思われる。
"",回転率だでなく、回転期間で効率性を評価するということが勉強になりました。
"",会計リテラシーを鍛え、業務でも使用していきたい。
"","資産回転率を上げる
債務回収を早めること、意識していきたい。"
"",実践に汎化するには経験が必要…
"",知らないことがほとんどでしたので改めて整理
"",DSOが日本語では「売上債権回転日数」だということを改めて理解した。また、一つの指標の結果だけに固執せず、業界特性や他の指標とのバランスなど考慮することが肝心だと理解した。10年前に知っておきたかったなあ、と後悔。。。
"",効率性分析について確認できました
"",自分の商売を４つの指標に当てはめて考えた際に、何が優れているのか、どこを改善しなければいけないのかを客観的に判断できると思う。
"",効率性分析を今後の仕事に活かしたいと思います。
"",技術者としては聞きなれない言葉や定義が多く勉強になった
"",会社の効率を、数値で評価する方法を学習できた。
"",事例をもう少し出して欲しい。
"",業種特性も考慮して効率性分析を行う必要があることが学べた
"",効率性分析を行う際に使う計算式を理解することができました。
"",個人的にはこれまで触れていない指標であったので理解していきたい
"",効率性分析は遊休資産の判断に用いると理解しました。
"",理解しやすい内容でした。
"",このセクションは、過去教育を受けていないものであったので参考になりました。
"","わかりやすかったです。
"
"",財務分析の分野において、真の無駄を見極めるのに役立つことがわかった。
"",自社決算数字をより興味深く見ることができそう。
"",たくさん指標があり、覚えるの大変！！
"",各回転率による効率性分析の内容がよくわかった。仕入債権回転率はもう少し詳しく理解したいと思った。
"",すぐに覚えた分、すぐに忘れそうです。
"",とても分かりやすく、今後も活用していきたいと思います
"",分析の考え方を学びました。
"",効率性分析とは初めて勉強しました。
"","自身が働いている業界で比較しがちなので
注意して学んでいきます"
"",初めて聞いたことばかりですので、とても参考になりました。
"",効率性分析についてどのような視点で見るのかわかった。
"",現場の業務の中で何作業が何のコストに影響しているのか引き続き考えてオペレーションしたいと思います。
"",計算式を誤って覚えているものがあり、復習になりました。
"",効率性分析は初めて学びましたが、マネジメントとしてとても重要だと思います。
"",＜効率性分析＞は、大変重要な考え方の１つだと感じました。
"",他社の指標をみて理解を深めたい
"","難しく理解に時間がかかります。
"
"","よく目にする言葉なものの、BS、PL、CFと比べて
あまりよくわかっていませんでした。理解が深まりました。
"
"",興味ある企業分析の際の指標として活用します。
"",当社もとりいれたいですね
"",事業全体もそうだが、部署や店舗単位で効率性の大切さを理解させてゆきたい
"",業務で活用するには自社に置き換えてみること
"",経年での変化、業界内での差異を把握して、効率性を考えていきたい。
"",問題の本質を変えると良いと思った。短期間で暗記できないので、実践的な問題を入れて欲しい。決算短信みてもこの動画を見て使う人は少ないかとおもう。
"",事業内容によって特徴があると思うので、一概に数値で良し悪しを判断するのでなく、事業の特徴に応じた分析を行うのが肝心だと思った。
"",営業もお金を早く回収して、出ていくお金を遅くすることを意識しなから取り組んでいきます。
"",テストは正解したが、実際の企業の損益計算書を用いてやってみる必要があると思いました。
"",効率性分析では、その業界、企業の特性を考慮し適正な数値を計算、分析しなければならない。
"",具体的にイメージしていくことが重要と感じた。
"",無駄があるかのチェックをして効率性を確認するのは理解できたが、計算がまだ理解できていない。また見直します。
"","総資産回転率、棚卸資産回転率、売上債権回転率は高いほうが好ましい。つまり期間が短いほうが〇。
一方で、仕入債務回転率は低いほうが好ましい。つまり期間が長いほうが〇。"
"","実際の事例をもとに行ってみないと理解が難しいように感じる、
"
"",企業の財務や資産の無駄を見極める指標について理解出来たので、身近な企業の効率分析に使いたい。
"",効率性分析を学び、是非、実際の場で使ってみたい。
"",初めての学びでした。企業がどのように運営されているか、全体像の一角の理解に役立ちました。
"",収益性分析とともに効率性分析で様々な無駄を発見できそう。
"",初めて聞く言葉であるが、非常に分かり易くかつ重要な内容であることが理解できた。是非活用して財務指標としていきたい。
"",少し難しく感じました
"",BSやPLだとただの数字であり、そこから何が言えるのかを分析し、事業戦略と合っているかを判断・修正していくことが大事だと感じた。
"",単に売上げや収益を上げるだけでなく、効率良く上げることが重要であることが解かった。
"",企業に必要な分析手法なので理解を深めたいと感じた。
"","収益性分析（ROA,ROE）、安全性分析（自己資本比率、固定比率、流動比率）とセットで理解を深めたい。"
"",分析機会があったら使用したい
"","総資産回転率、売上債務回転率、たな卸資産回転率は、回転率が高く回転期間が短いほうが好ましい。
仕入債務回転率は、回転率が低く回転期間は長いほうが好ましい。"
"",これも、言葉は聞いたことがあれど、その内容がわかっていなかったので、今更ですが、勉強になりました
"",総資産回転率の中で回転率と回転期間を理解した。
"",効率性とは、無駄を省くこと。日々考えてみたい。
"",効率性分析（総資産、売上債権、棚卸資産、仕入債務）は理解した。実務を通じて習得していきたい。
"",実務で活用するにはもっと理解を深めて素早く反応できるようにならなければ。
"",固定資産は課税対象にもなるので、不要な固定資産を抱えていると効率性だけでなく収益性にも影響が出ると思った。
"","資産も回転率で分析してみるとまた違った分析が出来る。
"
"","業界特性をしっかり把握しないと読み間違いする
数字だけではなく定性も合わせて確認する"
"",効率性分析は事業ごとに出来ること、検証することが必要
"",収益を上げる考え方は分かりました。
"",ひとつ前の安定性分析と効率性分析相反項目ですね。
"",効率性アップの大号令に対する違和感が、より具体的になった。
"",無駄を無くすのが基本だと思うので効率の分析は有用だと思う。
"",回転率について、大変参考になった。
"",面白かったです。もっと学びたい
"",１１１１１１１１１１１１１１１１１　　　　　　　　　　　　　　　　　　　　　　
"",効率性分析の手法を改めて勉強できた
"",不採算事業は概して総資産回転率が悪く、改善も難しい。
"",回転率など参考になりました。
"",効率とは。という点で理解することができた。
"",企業の業績評価に活用できるようになりました。
"",企業の効率性分析の手法について理解しました。
"",無駄を洗い出すときに利用する指標、という考えがなかったのではっとしました。このような指標を知ったうえで、業界特性や何を優先すべきか総合的に判断することが大事なのだと感じました。
"",もう少し理解度を上げる必要がある
"",効率性分析から、業態や両社の商売の特徴まで見えてきた
"",それぞれの単語や計算方法は知っていたが、これまでそれ以上の踏み込んだことはなかった。自社、及び競合企業を計算、比較してみたい。
"",新規事業はこういうのを使っているのか
"",効率性分析の4指標を理解しました。業界の特性等を考慮し他の数値や財務諸表とのバランスを見て真のムダを見極めることが大切だと学びました。
"",業務で活用できるように実態に即した研修を今後考えたい。
"","効率性分析理解


"
"",効率性分析理解が必要。
"",それぞれの回転率、回転期間を使って分析するまでのイメージは沸いていない。もっと数をこなす必要がある。
"",無駄な遊休設備がないか考えてみたいと思う
"","小売業であれば販売チャネルの維持に一定の固定費が発生し、製造業であれば機会設備の保有維持の固定費が必要となる。最近のトレンドであるWebサービスが
全体的に効率性が高まるものと考えられる。"
"",効率性分析の計算方法、計算の際の注意点を学ぶことができた。また、事業特性によって、表面上、不利な数値になってしまう場合もありうるので考慮が必要、というのに納得した。
"",効率性分析は、企業の効率性指標を分析するポイントを学べた。
"",自社の資産の無駄について考えてみたい。
"",基本的な内容です。もう少し実例があった方がいいかと思いました。
"","今まで漠然とこなしてきた仕事について見直すいい機会になりそう
"
"",自社にあてはめて考えてみたい。
"",効率性分析の概要は理解できた。しかし、様々な指標が出てきて頭の中を整理しないと実用できないと感じている...
"","自身の業務で使う機会はなかなかないが、概念は理解できた。
実際の数字を使って考えてみないと、しっかりとした理解には繋がらないと思うので、まだ理解できたとは言えない。"
"",企業が無駄な資産を抱え込まず、効率的に売上高等を上げているかを分析することが大事だと分かった。
"",業務で活用できるようになるまでは、しっかりと定義を確認し、基礎的な項目を頭に入れることが必要だと感じた。
"",業務でしっかりと活用できるよう復習していきたい。
"",いろいろな指標があって使いこなすのは難しいけれど覚えます
"",実態を把握際は、今の計算手法が適しているかどうかを見極める必要がある。
"",難しかったが、効率性分析というのは、無駄な資産を抱え込まずに効率的に売上高等を実現しているかを見る分析ということが分かった。
"","効率性分析とは、企業が無駄な資産を抱え込まず効率的に売上高等を実現しているかを見る分析のことで、４つの指標がある。
それぞれの割合を見ることで、例えば現金による回収が多いのかや、固定資産を多く抱えているのではないかなどといった分析が可能である。
数値から分析できることはわかったが、初めて知った指標や分析であったため何がわかるのかに関する知識があまりなく、難しかった。"
"","安全性分析については、企業の倒産リスクを見るものに対し、効率性分析は企業が持つ資産を効率的に活用できているかを分析するもの。
総資産の回転率を把握する回転率、回転期間、その他回転率も十分活用して分析していきたい。
"
"",効率性分析は無駄な資産がないかを見るために用いる。
"",一つの見方であって、解析の入り口ではあるので、原因について探るとよい。また、一時点の数値だけで判断せず、トレンドや個々の取引まで深堀りすべきであると思う。
"",効率性分析を改めて理解出来ました。
"",資本の投下がどれほどの売り上げと利益を齎すかのスピードと効率の捉え方がよく分かった。後で実例で復習しておこう。
"",同業他社と比べての分析をする際のモノサシとして有効。
"",企業の状況を考えるときに役立つ分析法である。
"",なかなかむずかしいです。
"",効率のよい経営が望まれることは理解できますが、そこばかり追求してもダメな場合もあると考えます。顧客満足、従業員満足など、企業としてどうあるべきか、という点は重要と思います。
"",感覚的には掴めない。実際に使ってみることが重要か。
"",今回のカリキュラムから、言葉の意味だけでは本当の意味での理解が難しくなってきた。改めて自社の数値を分析し、スキルの会得に繋げたい。
"","実務に使うには、過去との比較や他社との比較等で相対的に判断することが必要だ
"
"",難しい内容だったため、内容の理解が十分でないと感じたので再度復習をしていきたい。
"",それぞれの回転率がどのような状態であればよいのか悪いのかという点を意識しておきたい。
"",指標が多くて間違える。業務内容や経営戦略によって変わるので、注意してみる必要がありそう。
"",資本金の何倍もの売り上げがある事が、経営としては良い事というざっくりとした事だけでも分かった。
"",難しかった。具体例も盛り込まれていたがこれだけでは理解不足と感じている。
"",無駄な在庫を持たず、スリム且つシンプルになってますね。
"","効率性分析とは
企業が無駄な資産を抱え込まず、効率的に売上等を実現しているかを見る分析
遊休資産の有無や工場の設備稼働率、在庫の無駄をチェックするために使用する
"
"",稼働資産が遊んでいないか(稼働期間に隙間がある、効率性向上の余地ある等)を調べるのに有効だと思った。前提として集計するタイミングは合わせるのは見落としがちでかつ重要だと思った(分析する時はこの手法によらず)。
"",効率性分析には4指標があることがわかりました。
"",日頃から使っていないと定着できそうもない。
"",日ごろから使って定着につなげる必要がある。
"",同業他社の分析に使えそうである。
"",効率性分析を行うことで、今後の業務に活用できると感じました。
"",効率性分析を学びました。
"",総資産と売上高で効率をはかるということは知らなかったので良かったです
"","資産があったとしてもそれを上手に活用できていないと効率が悪いと判断される。
また、多少効率が悪いことでもブランドイメージを守るためには必要なものもある。
効率が全てではないが高いほうが良い。難しい。。"
"",難しいです。日々の業務にはあまり使用しないですが、考え方を復習して理解しようと思います。
"",会社特性を分析する上での切り口を学べた。実践の場でも活用したい。
"",効率性を評価するには、回転率だけでなく、回転期間も分析する。是非、分析してみたい。
"","繰り返しの学習が必要と感じた
"
"",業務において無駄がないかを常に確認しながら、適切なキャッシュフローを確立していきたい。
"","コンパクトで分かりやすい。
業界や製品の特性。ビジネスモデルにより指標が動くのでその見識が必要になる。"
"",効率性の分析について学びました。
"",財務の効率性について理解できた。
"",仕入債務回転率は低い方が良いとは一概には言えないのではないでしょうか。。。
"",特に現状の在庫を分析するのに、役立つなと思いました。
"",深い理解を得ることができました。
"",競合企業の分析に用いたい。
"",zzzzzzzzzzz
"",確認することができました。
"","総資産、売上債権、棚卸資産の回転点は高く、回転期間は短い方がよい。
一方、仕入債務の回転率は低く、短い方がよい。
これはある意味、入金は早く、支払いは遅くというキャッシュにも
当てはまる考え方ではないだろうか。"
"",項目が多いがしっかりと復習することができた。
"",債務、債権の回転率の説明があると楽。
"",業務に活用してまいります。
"",安全性分析と同様、数値的な分析は解析の一助として捉えて、本質を見ていく必要がある。技術職を担当している側としてはなかなか興味を持ちづらい。
"","効率性の指標として、下記4つがあることを学んだ。
　①総資産回転率・回転期間
　②売上債権回転率・回転期間
　③棚卸し資産回転率・回転期間
　④仕入債務回転率・回転期間

目的に応じて上記の指標を使い分けていきたい。"
"",効率性分析の基礎を再確認できた。
"",身につけるには何度も使ってみなければ
"",効率性分析は各種回転率で評価して効率の良い経営が出来ているか確認できる手法であることが理解できた。
"",日常的にはほぼ使うことはない部署にいるので、折に触れて基本的な内容を確認することになる
"","効率性分析は、収益性分析や安全性分析と比較して、あまり業務で使わない。
在庫削減などを強行的に進めると、業務遂行に弊害を及ぼす恐れがあるし。"
"",難しいカリキュラムでした。今後は効率性を注意するようにしたい。
"",please remove background music it is really annoying !
"",社内でも良く使われる数字で単純にわかりやすい指標と思います、無駄を省く意識を持って活用したいです。
"",今更ですが数字に表れないところへの注意も必要なんですね。勉強になりました。
"",社内で非効率な部分の矢印の向きを合わせる。
"",仕入債務回転率の話について、もう少し説明があれば良かった。
"",計算方法については理解したが、その指標から何が読み取れるか、ということは実際に経験を積んで理解を深める必要があると感じた。
"",資産をたくさん持っているから良いというわけではないということがわかった。
"",取引先企業の分析だけでなく自社の運営を考えるうえで大切な指標ということを知った
"","効率性分析には４つの指標がある。
"
"",初めて見る用語ばかりだったので戸惑った
"",数字だけ見るのでなく比較対象の数字との整合性も理解していないと間違った判断となってしまう。
"",なかなか丸暗記できないです。
"","難しくなってきました。
やはり、実際の企業を分析し確認する事＝実戦することが
自分の力になると思います。"
"",総資産が、一緒でも、固定費の回し方で差が出て来る
"",似た用語が多いので、確認しながら学んでいこうと思います。
"",難しいです。感覚的に使えるようにならないと。
"","勤務先の企業において、経営指標の一つとして効率性が挙げられているが、
それがどういった意味を持つのか根本的なことが理解不十分だったため、
今回の講義は参考になった。今後経営分析するときはこの講義の内容を
改善点の洗い出しに活用したい。以下備忘録。

総資産回転率＝売上高/総資産　（高い方が望ましい）
売上債権回転率=売上高/売上債権　〃
棚卸資産回転率＝売上原価/棚卸資産　〃
仕入債務回転率＝売上原価/仕入債務　（低い方が望ましい）"
"",難しい内容であったので、しっかり勉強して深めていきたい。
"",在庫量の調整には重要な指標になりますね。
"",直接的には業務には関係ない分野だか、知っていて損は無いと思いました。
"",同業他社を比較するのに有効だが、異業種間では使えない。
"",効率性分析は企業の無駄を確認するのに役立つ
"",業務には直接関係ないが、知識が増やせた。
"",よく在庫削減とかの提案で利用するが、他指標含め、今後の課題抽出時には利用したいと思った。
"",各分析の式において、あいまいだった理解をしっかり腹落ちすることが出来た。
"",売上高など表面的な数字だけにとらわれずにいろいろな側面から数字を判断することが重要だと理解できた。
"",数字に表れない要素をどの程度考慮するかが難しいが、企業経営の安全性を判断する指標として有益であると感じました。
"","「回転率」、「回転期間」という言葉にイメージが湧かずに苦手だったが、２社の指標を比べることで、何が言えるか？　という観点で考えたり、仮に売上債権だけで年間売り上げを達成させたとすると何回回収しなくてはならないか　と考えることでやっと自分なりのイメージができた。なお、実際は現金回収が多いだけかもしれない）。実務でも色々な会社を比べて、想像（妄想？）することで界や、会社の特徴をつかみたい。
"
"",効率性を分析することは今まで経験してなかったが、これからは効率性も考慮していきたいと思った。
"",今ある設備などが、売上UPに繋がっているかを把握しておく必要がある
"",言葉の意味は分かるが実際の場面でどこまで活用できるか、覚えるだけでなくて活用するためのトレーニングが必須。
"",効率性分析の考え方を参考に企業の状態を把握したいと思います。
"",資産に対する回転率など、企業の資産効率や営業効率を図る指標を用いることで、企業体質が見えてくるようになり、プロセスや資産の保有の仕方などを見直す機会になるため、十分にこれらの指標を理解した上で活用していきたい。
"",子会社の経営効率性の判断を横並びで行うのに役立ちそう。
"",効率性分析によって、無駄な資産を抱え込まずに経営を行っているか測ることができることは理解したが、内容については、知識だけでは難しいと感じた。
"","効率性分析には4つの指標がある。
①総資産回転率
②売上債権回転率
③棚卸資産回転率
④仕入れ債務回転率
①〜③は回転率が高い方が好ましい。

比較する際は期末、期首比較基準を一致させる必要がある。
"
"",効率性分析を行うためには総資産回転率や棚卸資産回転率など各種の指標がある。それぞれが何を意味しているのかを理解しておくことが必要。
"",コンパクトな内容で短時間で振り返りができた
"",業種ごとの平均値など指標があるとわかりやすい
"","財務の基本的な知識として覚えておきたい。
"
"",お客さんの設備の稼働率を上げることが目的、と認識していたが、稼働率がどんな経営数字に、どれくらい影響が出るのか、知って説明できるようにしたいと感じた。
"",同業種内の複数企業を比較する事で特性を分析できる指標
"",自社の効率性を他社と比較してみたい。
"",実際に現場に使ってみようと思う。
"",とても良い復習になりました。
"","計算式をもとに、どこに無駄があるかを
考えることが大切だということがよくわかった。"
"",企業が成長していくために資産を有効に活用することが重要であり、その指標を学ぶことができました。仕入れ債務回転率等については深掘りしていきたい。
"",普段使わない内容なので理解に苦しみますが非常に勉強になります。
"","わかりやすかった。 "
"",回転率は、社員が多くのアウトプットを出すと評価されるのと同じイメージになるかと思いました。
"",回転率、回転期間を算出して、資産の断捨離を検討することを定期的に行うことは必要と感じた。
"",財務諸表を分析する際に活かしたい。
"",考え方は良く理解できた。業界によって各回転率は異なると思われるので、自分の関係する業界の回転率はどのくらいで推移しているのか、興味を持って調べてみる必要がありそうである。
"",今後の企業分析に役立てていきたいと思います。
"",慣れていないので、ぴんと来ないです。
"",総資産回転率は資産と売上の関係性をみる。数値が高い方が資産を効率的に売上にできている。
"",少々勘違いしていました。
"",効率性→感覚的な効率（気持ち、思い込み）ではなく、実態数値から算出することがとても重要であると再認識できた。
"",効率性が大切な事がわかった。
"","効率性分析
同じ売上の2社を比較した場合、資産の低い方が効率性は高い"
"","知識としては得ているが、
実際に実務で使用する機会がなく、覚えては忘れての繰り返しになっている。
講座と合わせ書籍で集中的に学んだことで、以前より深い知識にはなっている"
"",効率性分析は普段しないがチェック必要であることがイメージできた。
"",遊休資産の売却や本社ビル売却(賃貸化)で効率性指標を上げることができる。
"",自社と身近な企業を比べてみたい
"",まさに今自分が見極めなければいけないタイミングなので非常に役に立った
"",総資産回転率はイメージしやすい。売上債権とか棚卸資産、仕入れ債務はイメージしにくいが覚えていきたいです。
"",総資産回転率は売上高÷総資産。指標として、高い方が良い。
"",非常にわかりやすく、理解できました。
"",各企業を見る目を養える。
"","いかに少ない資産で大きな利益を得られるか、ですね。
納得しました"
"","難しい。もう一度、基礎から見直さないと
"
"",参考になった。実際に分析してみたい。
"",様々な指標があることは知れた。活用はこれから
"",後半３つの説明があっという間過ぎて、一度見ただけでは咀嚼しきれない！
"",回転率の差から企業間の特色を推しはかることができるのは面白い
"",仕入債務回転率がなぜ低いほど効率良いといえるのか、よく理解できなかったので、後で調べておく。
"","仕入債務回転率が低く、仕入債務回転期間が長いほど良い。
という考えは理解が難しかった。
支払い期間を要している企業ほど、支払い能力に何らかの支障があるのではと考えてしまう。"
"",数字から効率的でないと判断することは危険であると学んだ。
"",概念は掴めたけど、実際にアウトプットしないと理解に追いつかない。
"","総資産売上率＝総資産で売り上げをどれだけ上げたか
売上債権回転率＝売上高を売上債権で割る、売り上げが現金かキャッシュかによって変動する。
棚卸資産回転率＝売上原価を棚卸資産で割る、在庫維持の問いができる
仕入債権回転率＝売上債権を仕入債権で割る、仕入れの問題提起ができる

感覚的には分かったけど、本質的な理解はできなかったから、一度実際に貸借対照表を見てみます。"
"",効率性分析とは，「企業が無駄な資産を抱え込まず効率的に売上高等を実現しているかを見る分析である」ことを学ぶとともに，「総資産回転率」「売上債権回転率」「たな卸し資産回転率」「仕入債務回転率」の4指標があることを学ぶことができた。
"",棚卸資産回転期間は、一概に短ければ、短いほど言い訳ではなく、総資産回転期間の指標と照らし合わせて判断する必要があることを学んだ。
"",効率性分析はやったことがないので、よい学びになった。同業他社の比較もやってみたいと思う。
"",物販の場合、資産とは手持ち商品在庫の事でしょうか？
"","やはり実際に自分で興味ある企業を選んで分析してみなければ十分に身に付かないと感じます。改めて復習してみようと思います。
"
"","効率性評価はどのようなときに有効なのかがわからなかった。
相対数値なので、同業他社との比較だろうか。"
"","売上債権回転率には取引先との信頼関係といった目に見えない部分も影響すると想像した。
勉強すればするほど、企業経営には数字だけで表せない側面（ブランドイメージや技術力など）も多分に影響することが分かってきた。"
"","指標数値の計算式は理解できても、活用するには
様々な事業ﾓﾃﾞﾙ・ｹｰｽを理解していないと難しい。
"
"",効率性分析について簡潔に説明いただき、よい復習になった。取引先の効率性分析を通じて、支払期間の交渉に利用したい。
"","数字は大きなで評価していき、問題発見、解決のとっかかりとして使っていけると思う。
"
"",効率性は理解しやすかったです
"",効率性を求める場合、どの指標であるかを前もって確認する必要があると理解しました。
"",効率性を重視しつつもバランスを考慮していきたい
"",漢字から何となく意味は推測できただ式にを見ること意味を考えることができた。
"",だいたい理解できた。
"","どれだけ効率的に稼げているのかを示す指標がわかったので、
今後競合分析をする際にここも意識して見ていきたい"
"",感覚的に効率の良い仕事ができそうである。
"",財務分析の復習としてとても効率的
"","説明が分かりやすく理解しやすかった。企業分析の際に活用してみたい。
"
"",在庫ビジネスをしているため、健全性含めて考えてみようと思います。
"",復習して実践で使ってみます。
"",効率の追求と企業活動の特性のバランスの見極めが重要であると学べました
"",効率性を判断するためには業界特性なども知っておく必要があると理解できた。
"",日常業務で棚卸資産の削減を求められる理由がよく分かった。
"",基礎をしっかり理解できます
"",以下に効率よくを意識する指標となりました
"",実際に例を見ながら作ってみないと理解できないと感じた
"",業界標準や競合他社の効率性をベンチマークに自社の分析を進めるとよいと感じた
"","あまり意識していなかったが、投資家から見たら、たしかに回転率は重要な指標であることがわかった。
遊休機器の除却や有効活用が大切であることも理解できた。"
"",知識がなかったこと。勉強になった。
"",効率性分析の知識が深まった
"",資産効率性の考え方が理解できた。
"",分析手法を現場に生かします。
"",いかに効率的に運営することが重要なのか理解できた
"",取り扱う数字の見極めが大切だと感じた。数字を使って無駄の削減にも説得力を持たせることができると感じた。
"",無駄な在庫を見極めるのは難しいかもしれない。
"",効率性では、回転率を意識して投資・利益を見ていく必要がありことを再認識した。
"",効率性分析を現実の企業でやってみようと思いました。
"",今後、重要になる指標だと思いますでしょう
"",いろいろごっちゃになった。
"",資産が多ければよいわけではない事が理解できました。
"","◆効率性分析…資産が売上のために有効に活用できているかを図る分析
◆総資産回転率…総資産が売上にどれだけ貢献したかの指標"
"",業績分析に役立てたい。
"",売上債権回転率、たな卸資産回転率、仕入債務回転率を自己学習してから、再度受講したいと思う。
"","勉強になります。頑張ります。
"
"",業界の特性を加味して分析することが大切であることも同時に学んだ。
"",ここにでてきた数字に馴染みがないので、気になる企業についての数字を眺めて理解を深めようと思います。
"",数字で結果を分析して出したとしても、「このブランドイメージを守るためなので…」「機会損失を防ぐためなので…」「ベンチマークのX社とは出店エリアが異なるので…」などと、いくらでも改善をしない言い訳が見つけられそうだな…と思ってしまいました。
"",お取引先様の分析にいかしたい。
"",効率性については業界特性も鑑みることが必要
"",問題集があったら様々な問題を解いてみたい。
"",しかるべきタイミングで効率性を逐次チェックすべき。
"",どの期間でみるか、ビジネスの特性なども踏まえて数字を見れるようにしたい
"",業務の基本的知識として活用できる
"",まだイメージしきれていないので、もう一回みてきます。
"","簡潔で分りやすい！
"
"","総資産回転期間をより短く
売上債権回転期間をより短く
棚卸資産回転期間をより短く
仕入債務回転期間をより長く
そんな経営を目指したい。"
"",効率性分析の概念が理解できた。簡単な計算で企業の効率性が評価できる一方で、業種や戦略によって、効率性を正しく評価ができないことは注意すべきと感じた。
"",同業他社の数字を参考にしながら自社のムダ、自社の効率的である側面を認識し関連部署への的確な改善要求に活用できそう。
"",基本的な事だが、難しい。でも面白い。
"",説明がとても分かりやすかった。
"",企業の財務状態を多面的に見るという事も必要だと感じさせられた。
"",効率性分析、言葉の意味が理解出来た。
"",実際の有名企業の財務諸表で見るとよりイメージを深められそう。
"",とても勉強になりました。
"",段々難しくなってきた。。。PLとかBSとかとの紐付け方があると嬉しい
"",業界特性などを考慮し他の数値や財務指標とのバランスを見て真のムダを見極めるというフレーズがとても印象的です。
"",効率性分析を用いて自社のことも考えてみたいと思った。
"","実践的な分析。
･過去トレンドを抑えること
･変化を抑え要素を捕らえること
･その中で資産規模の適正性を評価すること。
･適正でない場合にどのように効率性をあげるか
（削減･転用･外注･貸借）

"
"",効率性分析を踏まえた企業比較を理解するのが難しかった。
"",仕入債務回転率が低い方が望ましいのはなぜだろうか
"",効率性分析の基礎が得られました。
"",効率化については意識していたが実際にこのように数値化して分析していなかった。試してみたいと思います。
"",まだ十分に理解できていない部分もあるため，復習して理解を深めたうえで活用していきたい。
"",言われてみれば当たり前のことですが、専門用語とその定義を覚えていかねばならないと感じます。
"","率より期間の方がイメージ持ちやすく実用的。
少ない資産で売上大きい方が良いよね！、総資産回転期間短い
売掛金は早く回収できた方が良いよね！、短い方が良い
棚卸資産は短い期間で回った方が良いよね！、短い方が良い
買掛金はゆっくり払えた方が良いよね！、長い方が良い
"
"",総資産回転率であれば比較的簡単に手に入る情報から計算して自分で確かめることができるので面白そうに感じました。
"",効率性分析を行うことで、同業他社とのビジネスモデルやターゲットの違いが見えてくるとわかった。
"",あまり聞きなれない会計のキーワードであったため、今後意識してみたい。
"",実務を兼ねないと十分に理解したとは言えない様な、一筋縄ではいかない講座でした。
"",一度受講しただけでは理解が難しい。リピート＆実例分析で身に着けたい
"",債権と債務で指標の読み取り方が反対になる。
"","企業の効率性を推し量る指標を学べました。
比較する際に参考とします。
"
"","高級志向のブランドと
廉価品中心のブランドとの
回転率の違いが興味深かったです。"
"",様々な業種や企業によって効率性の数字は異なると思うのでそれぞれの特性をよく見極めたい。
"",こういう分析の指標があることだけをまず覚えておこう。
"","売上が多いから業績が良いとは判断できないことがわかった。
在庫管理をしっかりし不要な在庫を持たないようにしているのも効率のためだった。"
"","分析には明確なルールは無いが、数値の状況を見て、バランスを見ながら
見極める必要があるという部分が難しい。"
"",効率性分析の４指標について学べた。
"",総資産回転率、債権回転率、棚卸し回転率は高いほど回転期間は短い方が良いことが良く理解出来ました。
"",顧客に対しての提案に基づく分析に使えるかと思います。今後はこうしたデーターを基に提案営業に繋げたいと思います。
"",専門的で難しい分野。もう少し具体的な例に触れて理解を深めていきたい。
"",効率性分析、初めて聞くフレーズでしたが、顧客の業況判断の一つとして取り入れていきたい。
"","財務指標とのバランスを見て無断を見極めるのは、非常に大切と思った。
総資産回転率を上げるため、遊休資産の売却はわかるが簡単ではないとおもった。"
"",一通り理解したが、具体的にケーススタディーして分析手法を身につけていきたい。
"",効率性分析は仕事の生産性を測るのにも活かせそうと感じた。
"",効率性分析」指標と回転率、回転期間の関係を学習した。
"",勉強になる。
"",知らないことが多く勉強になりました。
"",日々の仕事の中での効率性を見極め、限られた時間内で業務をこなしていきたい
"",とても役に立ちました
"","回転率の基準がいくつもあることを理解した
更に理解を深めたい"
"",効率性分析について理解出来ました
"",大変参考になりました。
"",効率効率と会社は謳っているが、効率性をどう分析するかということに関しては、分からなかったがこの場で理解することができた。
"",回転率が高まる方がよい
"",動画だとロジックの説明が薄いので、しっかり理解したい。
"",今回初めてのワードだった。
"",仕入債務回転率などが何を意味するのかをきちんと調べておく必要があると思いました。
"","その企業の製品群と売り方で効率性の数字は大きく変化する。
企業の特徴と効率性を把握する。"
"",効率性分析において、自社や業界の特徴を把握した上で、分析することが重要だと感じた
"",まさに業務で考えていることであり、学びが深まりました
"",今年度、商品在庫高が向上しているので、分析したいと思います。
"",効率性分析は色々な角度から見れる事が理解できた
"",業務において考えれば、企業グループ全体の連結決算において、新システム構築時に革新的システムであったため、売上高総資産回転率を下げる非稼動の資産が生じたこともあり、減損処理により将来の効率性を高める策がうたれた。今後は、単体会社の在庫回転率の向上、資産化計上の早期化により、早く効率性の状況を見ることが必要と思う。
"",回転率という指標を学べた。
"",日ごろの業務が財務経理とかかわりがないため、ほとんどが初めて学ぶ事項でした。後で整理し、忘れぬようにしたい。
"",今回学んだことを企業の財務諸表をよむときに活かしていきたい。自分の身の回りのことに置き換えてみて効率性を分析することにも、概念を利用できると思った。
"",業界や業種によって指標が異なっていくということがわかった
"",初めて知った分析手法であり、参考になりました。
"",意味合いをよく理解したいと思います。
"",BS項目は平均を用いるものと思っていました。決まりはないんですね。
"",な、なるほど。　イメージはわかってきたが、言葉が難しい
"","効率性分析は現実での使い道がよく分からない。
資本コストという考え方を前提にすると、資産を持ちながら最大限活用していないことが無駄ということになるのかな。
遊休資産を売却して有利子負債の返済に充てる、など。"
"",医薬品在庫管理では、必要に備えて備蓄しなければならない高額医薬品もあるので、在庫すべてを減らすことは難しいが、緊急性の低いものの在庫を減らしておくことは重要である。
"",易しい説明でわかりやすい。分析業務に活かしたいです。
"",売上原価を考慮する場面に気をつける
"",経営の教科書で触れたことが、「なるほどそういうことか」と納得する知識になりました。いつでも経営の視点を持って物事を見る習慣をつけたいです。
"",企業の効率性の判断指標について勉強できました。
"",効率性、回転率を上げることは限られた経営資源の中で重要であると思います。
"",回転率等は実際に使ってみないと理解が難しそう。
"",実務での取り組みで知識の定着を図りたい。
"",単に計算方法だけ覚えるのではなく、その数値が何を表しているかを考えることが大切だと思った。
"",純資産回転率、売上債権回転率、たな卸資産回転率、仕入債務回転率によって効率分析が可能という考え方がまた自分の中でインプットできていない。復習頑張ります。
"",自社がどのような状態なのかは調べてみなければわからないが、調べればあらかじめどのようなスタイルで開発などをしているかなどがある程度推測できそう。
"",もう一度聞きなおします
"",実際のデータを元にトレーニングをしてみたい。
"",営業としての数字が大切である一方で、無駄なコストを少なくしていかに効率的な経営ができるかが大切であると感じた。
"",体系理解はできた財務に関しては実務トレーニングが必要
"",効率性分析、企業が無駄な資産を持たずに対する売上できているかを分析すること
"",このような分析においては数字だけを追うのではなく、数字とともにそれぞれの会社の特徴や実態をつかむ必要がある。
"",効率性分析を初めて学んだ。実業務で生かしたい。
"",効率性分析のための指標・具体例も用いて、分かりやすく勉強になった。
"",各指標を改善するには、具体的にどんな取り組みを行っていくべきか、具体的な例があるとわかりやすいと思いました。
"",法人与信審査に役立てたい。
"",多方面からの視点を得られてよかったです。
"",いったん整理をしてみる必要がある
"",企業の方向性と数値の変化が合っていることが重要と思います。
"",企業経営の健全性を図る一つの指標として重要である
"",在庫が多い業界や、装置産業において効率性を見る方法を教えて欲しい。
"",企業の分析を行うのに役立ちます。
"","計算式をそのまま暗記しておくのは難しいがそれぞれの指標が高い方が良いのか低い方が良いのか知っておくだけでも有用だと思う。
"
"",如何に、資産を効率的に活用するか。在庫のような流動資産はもとより、固定資産の細かく分析することが重要と思います。
"",不慣れな分野なので、反復して学習しないと身につかない。
"","これも初めて知りました。
無駄をあぶり出すきっかけになるかもしれません。"
"","わが社にも遊休資産があり、効率性分析をして処理方法を検討しなければならない。しかし、資金繰りの問題があり、なかなか着手できない。


"
"",優良企業の回転率はどれくらいだろうか？
"",無駄の判断でほかの財務指標の参考の仕方が分からない。
"",売上が総資産と同じになったら1回転、何日で1回転するか、など今まで考えたこともなかった。
"",事業内容によって指標は異なる　というのは　新たな発見でした
"",余り知らないことがほとんどでしたので改めて整理しなおします。
"",回転率、回転期間での効率性、資産活用ができているかできていないか、分析方法が学べた。
"",言葉に慣れないが、理解しやすいと感じた。
"",企業が無駄な資産を抱え込まず、効率的に売上高を実現しているか見る分析である効率性分析についてよくわかった。
"",似ている言葉が多いので、混同しないように理解が必要。もう少し復習が必要。
"",とても分かり易かったです。。
"",基準をそろえたうえで、他社や他年度と比較することが必要であることが分かった。
"",実際にやってみます。
"","留意点で指摘があったように、率だけでは限らないし、
効率性の面からだけ追求しても、
顧客のニーズにあっていなければ、
適切な在庫とは言えない。
いまはサービスとして提供しているものも多いので
在庫として持つものと、そうでないものを見極めることも
需要なのでは？と思う"
"",回転率の評価について理解できた。
"",効率分析は非常に興味があるので、身につけ活用したい。
"",効率性分析をで自社分で行ってみたい。
"",効率性分析を今後の役に立てたい。
"",まずは自社の分析をしてみる
"",今後、念頭に置き、業務に役立てていきたい。
"",ムダをなくし、効率を上げる、会社全体に関わる重要な分析と感じました。改善策を実施したあと検証できると思いました。
"","総資産回転率、売上債権回転率、棚卸資産回転率、仕入れ再建回転率のそれぞれの用語の定義や意味を理解するのは大変。自社がどのような位置付けにあるのか調べてみる。
"
"",回転率、回転期間という概念を、具体的にイメージできるように繰り返し学びたい。
"",一回で理解は難しい。
"",分かりやすい分析の指標でした
"",今後の仕事で活用したいと思います。
"",初めての言葉ばかりでしたが、とても勉強になりました。実際のBSを見て学びます！今から！
"",経営状態のアドバイスをする時などに利用できそう。
"",業務で使えるように、訓練したい。
"",業界特性に関してしっかりと下調べするのが大切と感じた
"",単に計算式に当てはめて指標を求めるだけではなく、業界特性も考慮した上で無駄を見極めるというのが難しそうだと感じました。
"",効率性分析とは、企業がいかに無駄な資産を抱え込まず効率的に売り上げを実現できているかを見る分析。
"",その業界やその企業の特性があるため、数字が高い低いだけでは判断できない部分があるということは覚えておく必要があると感じた。
"","効率性分析とは
・ムダな資産を削減する
・プロセスの改善に生かす

ムダな資産として考えるに
・都心近くの自社ビル
・使わなくなった設備
"
"",1回見ただけで、使いこなすのは難しい
"",効率性を知る一つの方法がわかった。
"","効率性分析はどれだけ少ない資産を用いて多くの利益をもたらしたかを明らかにすることに使われる、とのことだったので顧客を選定する際や子会社の経営状況を率先して把握する際に活用できると思う。きちんと数値化してみることで正確な経営状況の把握につながるだろう。
"
"",あまり見ない用語が多く、分かずらかった。
"","効率性分析と言う言葉を初めて聞きました。
もちろん会社の方針や起業年数にもよると思いますが、売上げや利益だけ見るのではなく、様々な数値を参考として見極める必要があると思いました。
"
"",仕入債務回転率の説明をもっと詳しく聞きたかった。
"",企業の経営効率性を分析する手法を学び大変参考になりました。企業の特徴をつかむうえで重要な指標と思いました。
"",バラバラで見ていた4つの指標を表のように並べて見てみると理解し易かった。回転率と回転期間の違いも理解できました。
"",自社の数字で計算して、どんな問題点があるか確認して見ることが一番の学びになる。また、同業他社の平均値との比較をすることでさらに問題点が見えてくる。
"",初級もだんだん難しくなってきた!!
"","BSとPLをつなげて見ることで、効率的に売上を上げているかの新しい見方ができる。

費用と資産は何が違うんだろう。"
"",効率性分析も良く理解出来ました。具体的な事例を持って確認したいと思います
"",インプットからどれだけのアウトプットを出せたか、という観点はROEやROAと同様ですね。企業の実力を見る指標の一つとして使えそうだなと感じました。
"",どの時点の数値を用いるかは明確なルールはなく、計算根拠を明確にしておくことが重要という点は、特に意識する必要があると感じた
"",会社にも使っていない固定資産がたくさんある気がする．一度整理しないと．．．
"",基礎的な内容であり、復習になりました。
"","業界における自社の状況を分析する際に活用できそう。
また、今後プライベートで株式投資を行う際の参考になりそう。"
"",効率性がよいということを財務諸表のどの数字を使用して計算し、その意味を理解することができた。ここでも同業界の比較が例として示され、理解しやすかった。
"",ちょっとイメージはつきにくかったので、まず実際に分析して比較を行う必要があると感じた。
"",基礎的な内容の復習となりました。
"","自社の場合、ハードウェアなどの在庫を持つことがある。
期末に在庫を削減するよう上から指示が落ちてくる理由が分かった。"
"",期末を用いるのか、期首と期末の平均を用いるのか、意味合いを十分理解する必要があると感じた。
"",実際、やってみなければ身に付かないとおもいました。
"",同じ業界の企業を相対的に比較することで企業独自の特色が見えてくるものだと思うが、数値だけ見ていても推理が難しく、慣れが必要だと感じた。
"",適切な分析方法を選択することがポイントだと感じた。
"",ちょうど昨日の新聞でユニクロなどアパレル業界の総資産回転率と回転期間のニュースが出ていて、意味がよくわからなかったが理解できた。ちょっとうれしい。
"","数字化する事で比較しやすい、明確化できることは理解した
"
"",計算によって出てきた数字に、どういう意味があるか、何が把握できるかをすぐに認識できるように読み解くちからをつけたい。
"",単純な数値の変化だけでなく、その変化の要因まで具体的に見れるようになるのでよく復習する。
"",効率性分析はほとんど見たことがなかったので、気をつけてみてみたいと思います。
"",他の例題も自ら探して理解しないといけない
"",とにかくポジティブで熱い。小難しいロジックではなく、結局はこういう事が現実の世界で何かを実現するには大事なんだと改めて感じた。
"",とにかくやってみる、そして、関わってくれた人に感謝する、それに尽きるのかな、と思いました。チャレンジする気持ちを高めてもらいました。
"",一歩進むためのヒント、が1つ1つ勉強になった。特に周りの関係者の巻き込み方が印象的だった。すぐに取り入れられそうなことも多かったので、明日から実践します。
"","コーポレートベンチャーのあり方に可能性を感じました。
続けることで可能性が開けてくるのですね。"
"",このノウハウはお仕着せなのか。自前で創りあげたのか。
"",モヤモヤと感じている間に、何か新しいことに挑戦した方がよいなと感じました。先にあるものを完璧にイメージできていなくとも、山を登って違う景色を見てから考えようという精神を持って、挑戦していきたいと思います。
"",チームメンバーに社会貢献している実感が共有できるよう，モチベーションマネージメントの実行を行っていきたい。
"",すごく生き生きしていて勇気をもらいました　いつまでもチャレンジ精神をもって失敗を恐れず前を向いてやっていきたいと思いました。
"",変化に対して、自分の捉え方考え方次第で前に進めるか知らず知らずのうちに停滞に陥りかが違ってくると感じました。前に進めることが最善ならば間違った拘りを捨て協力者になって頂く思考習慣を身につけたいと思いました。
"",実践中の身としては、共感がすごく持てましたし、先輩から勇気をもらった気持ちになりました。ぶつかる壁は、業種違えど一緒なんですね。実践された方の言葉は重みがあります。その事が実感できただけでも、学びは十分でした。
"","とにかくやってみる。
非常に前向き。まずやってみることに。その為に、色んな雑音は関係ない。"
"",まずは一歩前にでるには？という考え方、それから、限界ではなく、可能性という言葉にも共感を覚えました。
"",日々の営業活動に活用したい。
"",自分のやりたいことに時間を割いてくれているので「感謝」しかない！大企業と個人の起業家の立ち位置、社会課題から考える大きな自分のミッション（MTP)を見つけて、チームを巻き込む。「人間にあるのは限界ではなく可能性」に、大変共感しました。
"",協力してくれる人を探すにはワクワク感を持ってもらう。
"","やはり、とりあえず動いてみる。
改めて、話を聞くと納得しましたし、社内で
これからどう動いていこうと弱気になっていた自分に喝が入りました。
自分で「大義を感じながら進める」ことでモチベーション保たれ、チームにも感謝できるという部分はすごく印象に残りました。　
動いてみようと思いました。"
"",社会貢献に「大義」を感じ、自分が描きたいことを情熱をもって伝える。考えるばかりでなく、行動する。何か忘れていたことを思い出したような気がします。
"",いかに「自分の意志」が大事か。アイデア＜人＜行動。わかりやすかった。
"",集団としてではなくて、個として相談する、協力を仰ぐというのは、他部署との連携がうまくいかないときに有効な一つの手段だと学んだ。
"",「ちいさくともいいから出島をつくる」「批評家にならない」「自分の意志でとべるか」にぐっときました。
"",いわゆる大企業というところに属している自分にとって、とても分かりやすい内容のものでした。一歩外へ出た方の気づきは、納得性の高いことばかりでした。また賛同者が少ない中で行動し続けるがゆえに蓄えられた「生きる術」のようなものが言葉づかいや表情などにも出ているようで、大変勉強になりました。素敵な女性ですね。
"","冒頭お話頂きましたまさに「明日から頑張れるぞ」の気持ちになりました。
・とにかく実行　・戦うより巻きこむ　・人間にあるのは限界でなく可能性
講義の全てが大変勇気づけられる内容でした。ありがとうございました。"
"","新規事業を進めていくで起こりそうな課題について、
多くヒントをもらえました、また勇気づけられました。"
"","日本人がプロセス至上主義、考えるよりまず動く　その通りですんｗ。
すごく元気を頂きました。"
"",チャレンジを後押ししてくれる内容・・・と言いたいけど、成功話を表にした小学校で習うような精神論で、お金を払ってまで聞く内容ではなかったような気が。。。　最後はドーバー海峡って全然関係ないし。。。
"","社内での活動、変革を進めるうえで、とても現実的なアドバイスをたくさんいただきました。ありがとうございます。（以下、一部）
　・まずやってみる。
　・社内で協力者が得られなければ社外に求める。
　・外にでると、課題が見える。それを解決するため、自分が成長しないといけないと気づかされる。
　・社内の人も個人ではアドバイザーになってくれる。社内で賛同してくれない人も、相手の立場になって考え、迷惑かけない範囲でやらせてもらうようお願いする。（反感をかってはもったいない。応援者になってもらえるように働きかける。）
　・自分が志をもって取り組むと、人はついてきてくれる。
　・自分に足りない能力、リソースは、他の人、場合によっては社外に求める。
　・全ての人が自分のやりたいことに協力してくださるパートナー（感謝しかない）
"
"",大企業のリソースを最大限活用する、自分の中のパラダイムの変化を心がけたい。
"","ロジックで勝っても負けても、それは負けだ。という言葉が心に残りました。
また、失敗して残念だったね、ではなく、ここまでできたから次はやれる、という言葉も印象深かったです。"
"","大企業の社員は、先ずは実行に移すという意識が低いことを痛感しています。
自分自身を含めて、このことを肝に銘じて仕事をしていきたいと思います！"
"",限界ではなく、可能性ですね。
"","壁にぶち当たった時の勇気になると思う。
躊躇した時に踏み出せる勇気にもなると思う。"
"","何かに成功、何かを掴むまでには、みんな混とんとした道を進んでいるんだな、金丸さん明るくて前向きですごい人だなと感じました。
自分も、限界を儲けず、組織の中で自分の実現できることに向かって、限界を儲けずまい進して、成長するとともに、周囲を巻き込みながら自分のやりたいようにできる組織を作ることが肝心だと、あらためて思いました。"
"",実行すること、ポジティブ思考の大切さを改めて理解しました。
"","大きな、あるいは正当だけれどどこか雲の上の話、ではなく、大変実感のこもった”あるある”事例と、その突破のヒントでした。
論破に備えてロジックを詰めるより、社内勝負なんかどうでもよくて、むしろその人を巻き込み、味方につけるとか。

知識やテクニックはもちろん大事、そのうえでコトを成し遂げるには、まずは小さくても一歩を踏み出すこと。動くこと。
そんな勇気を頂きました。"
"",情熱的な言葉に圧倒されました。一つ一つの内容もさることながら、他人を巻き込むには、このような態度そのものが重要なのだと改めて感じ入りました。新規事業を立ち上げる志を持つ一人として、貴重な経験でした。ありがとうございました。
"",やったじゃん，ここまでこれたじゃん
"","ロジック勝負になりすぎないことが大事
最後は自分の「意志」ですね。"
"",まずは行動。実際に動き出すことが重要な事で、前向きな考え方が続けていく上で大切だと分かりました。
"",社会課題の解決につながる事業ができれば、それはマネタイズができる。何か事業をやろうという考え方も大事だが、社会課題という観点も忘れてはならない。
"",他者との折衝においてロジックで論破するのではなく、対話によりアドバイスをいただき仲間になっていただくという話は非常に参考になりました。
"",まずやってみる。自分のやりたい方向性についてきてくれる人への支援は、面倒ではなく、感謝とは、まさにその通りだと思いました。
"",人間にあるのは限界ではなく、可能性である。とにかくやってみる。リスクを取らないことが最大のリスク。など心に刺さる言葉があった。それだけにアイディアを形にすることは、様々な困難に立ち向かう強さ、レジリエンスが必要だと理解した。
"","自社も縦割りの大きな組織なので，身につまされる内容だった。
その中で，
・横ぐしを刺すより，何かひとつでも実行して人を巻き込む
・自発的にジョインしてもらえるように，面白くわくわくすることを実行する
・潜在的に新しいことが好きな「個人」を見つける
は参考になった。"
"",ともかくやってみる、という考え方も良し悪し。ロジカルシンキングなくしての実践は結局手戻りにつながるように思う。
"",社内を説得しながら、新規事業を前に進める為の、リアルなチップスがちりばめられていた点が勉強になった。
"",行動重視はその通りと共感します。一方で、知識や方針や戦略無しでの行動は、無駄足になること必然ですので、そのバランスが重要と考えています。一人でできることには限界があるので、それを如何に仲間で、組織で、助け合って進んでいいけるかが成功の要因と思いますし、その趣旨のご説明には納得感を持ちました。
"",日常にも、自分がやりたいことは転がっている可能性があると考えたほうが良い。考えているうちは次のひらめきが湧きにくい。動いているうちに自分の視野も外部からの見られ方も変わっていく。それが相乗効果になり、さらに自分のやりたいこと・社会が求めていることとのあわせ技で活動レベルが上っていった先に本当のゴールとその先の未来が見えてくる。というような感情を持つに至った講義でした。
"",具体的な話が多く、一般的かどうかはわからないが参考になりそう。
"",プロセスに酔ったり、ロジックで勝とうとしたり、振り返ると思い当たることが多々あります。日頃の仕事の仕方を見直す上でも、非常に参考になりました。ありがとうございます！
"",実体験があっての話は説得力がある。外部の人を巻き込み、社内を巻き込み、結果を出す。実行力を見習いたい。
"",とにかくやってみる。実行あるのみ。すべての経験が学びの糧となる。
"",うちの会社も森永製菓さんと似たような体質なので、そういう中でできることがないか探してみたくなりました。
"",「情熱」と「行動」と、追加で「好奇心」が根本にある。
"","「目の前の勝負に勝つことに燃えすぎないように」
これが刺さりました。
まずは少しだけでもやらせてもらうこと、大事ですね。"
"","最近、新規事業創設の部署に異動となり、まさにモヤモヤしています。

自分の能力の足りなさや自分が必要とされているのかという初期の孤立感を乗り越えてきた講師の方に明日への勇気をいただきました。

コロナ禍でとにかく動いてみるとか、外部の方を巻き込むというのがまだなかなかできていませんが、少しずつ(ただしスピード感をもって)進んでいきたいと思います。
ありがとうございました。

"
"",今、まさに日々感じていることばかりでした。既存事業との関係性は避けては通れないですし、応援してもらえるという状況と仲間を作っていくプロセスを改めて考えられそうです。
"","非常に良かった。大企業にいる自分も感じる課題であったとともに、批判する相手をどう巻き込むかを最優先に考えるなどのポイントは新しい発見であった。
また、登壇者のイキイキ・ワクワクがリアルに感じられるビデオであり、とても感情を揺さぶられる学びとなった。"
"",発想の転換によりどの様なことでも前向きに捉えられることを感じた。
"",志の軸の強さと、溢れる情熱に感銘を受けました。
"",何でもやってみる所から始めたい
"",ものすごくためになりました。自分のビジョンで会社を導いていけるポジションにいるにもかかわらず、少し視野が狭くなっている自分を気づかせてもらいました。今いるポジションで、できることをしっかりとやっていきたいと思います。
"",非常に共感する場面が多々あった。論破ではなく、味方にすることを考えるというのは目から鱗だった。
"",起業にはポジティブな思考が重要と感じました。
"","大義名分、ちょっとした捉え方の違いを作る事が重要と感じました
実行してもらうためのモチベーションコントロールに問題が生じた際に役だつと思います
"
"",アイデアより実行、企業にいて、どうしても計画の段階に時間をかけてしまい、頓挫してしまいがちなので、大変勉強になりました。
"","精神面の話は多いですが、とても勉強になりました。体験をもとに語られている方のストーリーには説得力（感情がこもっている）があります。

・巻き込み方
・ちょっとでもいいからやってみる
・リスクを取らないほうがリスク

今の時代、特にそうですね。　"
"",凄く元気が出たし、自分も何かやってみようという気持ちになった。そして、金丸さんに直接会ってお話したいと思った。
"",これまでの経験から、課題解決に対するさまざまな手法が紹介されており、とても役に立つ講義だと思う。
"","社内の新規事業に携わっていたのですが、社内での提案や進め方を考えている中で感じた課題とまさにリンクしており、大変勉強になりました。
事業部自体は一旦閉鎖することになってしまったのですが、次に違う形で新規事業立ち上げのチャンスが出てきた時に、今回実行した中で学べたことしっかり糧にできるようにまとめたいと思います。"
"",企業や新しいことをはじめるにはまずは行動することが大事であることがよくわかった。
"",リスクを取らないことがリスクという言葉はビジネスマンにとってその通りだと感じた。
"",講師の方の熱い語りにパッションを感じた。プロセス完璧主義者にならず、アイデアをもとに小さなことからでも実行し、まず前に一歩踏み出すこと、もし失敗しても全て学びであり糧になることを再認識した。
"","頭で考えていることを実行することが重要であることを改めて認識しました。
また、実行し一度目で到達しなかった場合の　とらえ方（次につながるととらえる）も重要と感じました。また、自分を支援してくれているスタッフにそういう考え方を持ち、そういう声掛けが大切と感じました。
すぐ実践したいと思いました。"
"",おもしろく楽しく拝見しました。大いに共感できました。
"","社会の課題解決は、人としての喜びである
この言葉にぐっときました。

資本主義では解決しきれない現状を克服するための次世代の経済システムに生かせそうですね。"
"","熱意が非常に伝わってきて、とても良いプレゼンテーションでした。
常に批判ではなく、なぜそうなっているのかということを相手の立場に立って考えてみる。簡単なようで難しいことで、でもそれをできるか否かで物事が全く変わってくるとも思えました。
このような人材を育てられる森永製菓さんもすごい会社だと改めて思いました。"
"",失敗は学びである、とりあえずやってみる、チャレンジは楽しい、ゴールは実行の先にしかない、などなど、起業にかかわらず、普段の業務においても自分に言い聞かせたい。とても楽しい講義でした。
"",とにかく講師の金丸さんがエネルギッシュでした。スゴイ！！
"",とりあえずやってみる、をやってみたいと思いました。
"",前向きに、元気になりました。
"","Het story stimulates me so much.
Because I think it’s important to do something first before considering "
"",熱意がどれだけ大事かを感じた。また会社と外の関係を無理にでも作るのは新しい風やアイデアが入るとても良い機会なのだと思った。
"",自分のやりたいことを会社でやるという思考のパラダイムシフトを起こしたいと感じた。会社のリソースに限界を感じるのではなく、やりたいことに不足するリソースは外部から調達することで外部との接点を増やしていきたい
"",コープレートベンチャーという考え方が新しかった。
"","とても面白かったです。
とくに、頓挫パターンとこう考えると一歩進む、でまとめられたページは、あるある！とか耳が痛い！などと思いつつ拝聴しました。批評家ではなく実行者であれとは良く聞くことですが、さらに踏み込んでなぜできないのかをよく解説されていました。
また、自分自身がアイデアを持ち先頭に立つことができなくても、サポーターとして実行者になる道だってある、そう言われることで、批評家からの脱却が可能なのだと勇気がもらえました。"
"",元気でチャーミングで外部者の私も頑張ってほしい気持ちになりました。
"",講師の熱い語りに終始見入ってしまいましたが、プロジェクトを社内で通すにあたっての、様々な困難は、具体的かつ現実的で、どの事例も、とーーーっても身近な話題でした。その困難山積みの日々でも、社内で応援者を探すなど、講師のバイタリティに感心するとともに、森永さんの懐の深さも羨ましく思いました。大変参考になる講義でした。
"",とにかく実行が重要。一方で「やってるつもり症候群」にならないように、考えて学習することも忘れてはならない。学習と実行するのサイクルを、小さく高速で回す
"",ベン図で、会社のやりたいことと自分のやりたいことの重なりではなく、自分のやりたいことのほうが大きく在って、会社の重なりの部分をうまく活用するという発想は常に意識するべきだと感じます。どうしても会社の枠の中で考えてしまう自分が面白いことをやりたい自分にブレーキをかけてしまうので、時には外部の力も借りながら、自分のやりたいことを会社の組織のリソースをうまく生かしながら実現するには？という自分への問いかけを投げ続けることが大事なのかなと、すごく刺激になりました。
"","事例が細かく紹介されていて、こんな時にどう動けばよいのかという参考になりました。
自分ができないことを恥じるのではなく、そこをどう補うか仲間づくりをすることが必要ということをより一層強く感じました。"
"",自分の行動力を高めるために必要なことを学べました。今から心掛けていきたいと思います。
"","熱意があり「心が動く」良い講義だった。
（１）「自分ごと」「とにかく実行」
　　①完璧な計画にドヤ顔しない（計画で安心しない）
　　②他人から「正解」得ることに必死にならない（責任逃れに安心しない）
　　→リスクを楽しむ。
　　　失敗も含め全てが学び。とにかく実行して収穫を得る。
（２）「批判は意味ない」本質を忘れず「みんなを応援者に」
　　①社内利己評価、ロジック論破はしこりを残すだけ。
　　　「とりあえずスモールスタートさせてください」が本質
　　②相手の立場を理解し応援者として巻き込む。情熱（パッション）を。
　　③完璧な人間はいない。社内も社外もみんな応援者。感謝を。
（３）「前向きなとらえ方」
　　①失敗しても「よくここまで来れた。次はできるよ！」。全てを糧に。
　　②「自分の成長」より「社会的課題解決」が目的になる日がきっと来る。
　　　とらえ方（自分・他者・目的）をプラスにし、良い循環を回し続ける。
　　③「ワクワクしてる？」「ワクワクさせてる？」
"
"","現在、企業から起業しよう！と経産省が行なっている政策がありますが、女活を意識したまさにそのモデルケースですね。
大企業から起業するメリットは、講師の説明の通りだと感じました。
また、上司とへの論破はしない、「小さなことから提案」というのは、熱量が大きいとなかなかできないことだと思いますが参考になりました。

"
"",私も新規事業創造をミッションとした部門に所属しており、ミッション達成に向けた活動をしていく中で、今回学んだ内容は共感できる部分も多く、またいつも自分が悩んでいること、不満に思っていることに対して、どのように捉えて、どのように対応、アクションしていけばいいのか、ということがわかり、とても勉強になりました。勇気を沢山もらえました。
"",大きめの企業にいて、他社の先進的な取り組みをみると、自分の会社を卑下して、批評家になって終わりがちですが、そんな状況でも前に進めるためのヒントがつかめる内容でした。
"","批評家ではなく学習者であれ
アイデアより実行
チーム作りが大事
モチベーションには大義が大事
人を動かすには情熱が必要
たくさんの再確認と気づきをありがとうございました。"
"","新規プロジェクトを始める前に視聴しておけばと心から思いました。
そのプロジェクトは頓挫してしまいましたが、それは失敗ではなく次ステップに進むための糧であり学習であると、自身に言い聞かせ手前を向いていきたいと思います。"
"",リスクや混沌を楽しむ、まずは実行、など言葉がシンプルで力強い。最後の自分と仕事と社会の関係性が変わったというのも、さわやかでいい。
"","「人を動かす」には「情熱」が必要であることが理解できた。特に「批評家ではなく学習者であれ 」
「アイデアより実行 」を自分自身も実行していく。
"
"","動こうという意思を持つことの大切さを、教育に盛り込む必要性を感じました。
感じるだけでなく、具体的提案にまで昇華させなくては意味がないので。それも
この講座を受けた自分の役目だと思います。進むかどうかはやってみないとわかりませんが、人を巻き込むことが大事であると学びました。"
"","すごいな、
同世代なのにいろいろなチャレンジをしていて、身近な言葉でかたってもらい、
やる気がでた。
上司を理論で論破してもメリット少なく、むしろやるべきことがあることも、同感。"
"","同様に東証一部上場のいわゆる大企業に勤める者として，心の持ち方であったり，物事の捉え方であったり，と極めて示唆に富むご講演であったと思います。
自分自身，組織や業務プロセスの改革に取り組む中で，共に取り組んでいく仲間の大切さを痛切に感ずる今，改めて自分の心の再整理に役立ったと思います。"
"",大手企業ならではの苦悩などが知れるいい機会でした。
"",計画を進めるうえで難色を示している関係者に対して敢えて自分のチームに巻き込む姿勢についてはなるほどなと感じました。
"",このセミナーは日常の会社業務でも感じていたことでしたのですごく感動しました。
"",コーポレートベンチャーが出来る環境があるというのは恵まれていると感じた。そこまではいかなくても、新規プロジェクトで人を動かせることができるよう日々考えていきたい。
"",実行が大事まさに尽きると思います。話し方が自分と合ってたのか心地よかったです。
"","　「「社会課題の解決」の方向に向かう（そのために成長しないと…の順）」、「とりあえず実行」の２つのフレーズに感銘を受け、頭をぶん殴られた気持ちになりました。

　自分の職場である地方自治体は、まさに社会問題の解決（また、問題の発見）というのが重要なミッションですが、とかく計画・進捗のモニタリングや実行のための内部業務（完璧なプレゼン、横串を通す など）にエネルギーをとられすぎて、実行段階になると世の中が変わっていてチャンスを逃したといったことを少なからず見聞きしてきました。

　自らが携わってみたい社会解決の課題に向かって、（最初は職場を離れたボランティア活動レベルになりますが）できるところから始めていきたいと思います。"
"","目の前の数字や人を追うのではなく,
会社の歴史や背景情報等も把握しておく必要だと感じた。

仕事を「生み出す」という点では、特に自分達のが目指しているものに近く、参考になる点も多かった。
来年以降に積極的に取り組んでいきたい。
"
"",グロービスで聞いていて、1番楽しかったです。興味がわきました。
"","社内で、新しい仕事を担当することが多く、戸惑うことが多かったので、大変勉強になりました。一番勉強になったことは、マインドです。「常に相手の立場に立つ」→批判からは何も生まれない。
気になるワード
1.自分にしかできないことをするのが会社にいる自分の存在価値
2.人が持っているものは、限界でなく、可能性。

以上

ありがとうございました。"
"",確かに仕事内容によって見える景色や考え方が変わりますね。固定概念をなるべく捨てて新しい気持ちで何でも取り組めればと思いました。
"",実践の難しさと踏み出す重要さが分かった。動かすと見えてくることがある。困難に突き当たった時にこの視点を活用したい。
"",この調子でやりたい事業を熱く語られたら、ハードルが高くとも一緒に仕事してみたいと思ってしまう。パッションとチャレンジ学習思考の大切さを認識できた。
"",新規事業をやめる理由はいくらでも出せる。それでもやりたいと思う人でないと取り組めないというのが印象的でした。
"","面白いお話をありがとうございました。
起業に至った人の経験談は何よりの参考です。
"
"","実際の経験と相手を引き込むような熱意があり、とても話が伝わってきた。

考えるよりも行動する、チャレンジする楽しさを知る、批判だけでは何も生まれないので自分ゴトとして相手の立場に立って考える、相手を味方にする、既存事業との接し方、失敗は糧である、社外に出ることで、自分のやりたい事が社会課題に近づき、モチベーションが高まる。

どれも、事例に即していて突き刺さるようなポイントでした。"
"","大企業における革新的プロジェクトの進め方を学んだ。
理解してもらうには相手の立場に立ってコミュニケーションする。「ワクワク」してもらってチームに巻き込む。致命的失敗を避けるために小さい数多くの挑戦をして、その実体験から学ぶ。"
"",アイデア＜人＜行動というフレーズが印象に残った。
"",行動の原動力は、内からの情熱であり、志＝社会課題の解決＝大義ということを再確認できました。
"",とにかく実行、をやってみます。
"",ベンチャーについての、面白みが理解できました。コーポレートベンチャーにも興味を持つことができました。
"","講義を視聴して「結果のみがあなたを支えてくれる」ということばを思い出した。
合理的な判断に基づくことなら、まずは試してみるということは大事である。"
"","会社のリソースを活用しながら社会との接点を活用して新たなムーヴメントを創造する。
ワクワク感を持った同志で得意を活かして役割分担。

自分もチャンスを掴んでそのフィールドで戦いたい!!
"
"","目の前のロジック論争に拘ってしまい、ゴールを達成するにはどうすれば良いかを見失うことはあると思った。
"
"",モチベーション管理していく上で参考になりました。
"","今の仕事の中で自分自身が批評家的な立ち振る舞いになっているなとは自覚していたが、何か行動することで見えてくるものがあるのだと思い知った。
誰かがすでにやっているから二番煎じはだめだということもなく、わくわくするような、そしてわくわくさせるようなことを考え、周りを巻き込んでいくことで新しい分野が開けるのだと思う。
明日からは実行するための下準備を進め、とにかく何か一つでも実行に向けて前進することにする。"
"","わかりやすい言葉で熱を持って語っていただいて、やる気が出た。
論で勝って負けても負け、というのはその通りだと思った。
いかにして周りに助けてもらえるか、参加してもらえるか。最終的にはやはり人柄、人間力ですね。自分の足らないところがよく見えました。"
"","実行の重要性が良く分かった。
"
"","一つ一つの言葉に重みがあり、自分の熱い思いがひしひしと伝わった。
新しい事業のやりかた、方法にもいろいろな形があることも分かった。"
"","アイデア持っててもなにも行動しなかったら結果は生まれない
アイデアを人に伝えたら少し前進するかもしれないが、結果がでるとは限らない
なによりも行動する、やってみるそのことに価値があると教わりました。"
"",森永クラスの大企業でのCVCの成功談を語られても、学生サークルみたいで、あまり説得力がなく。厳しさがなく。
"",人間に限界は無い、もしできなかったとしても再度挑戦すれば必ず成功する。諦めるかつづけるかが人に求められていることなんだと感じました。私も諦めない精神をもっと強化していこうと感じました。
"",新しいこと、未知の領域に対し、自分に限界を決めることなく、まずやってみる、一歩踏み出す際に役立つことが多いと感じました。
"",最後の「ここまでできたじゃん。次は行けるよ。」ということばに感銘を受けた。受け取り方でここまで見方が変わるんだな。というのを深く実感した。
"",実行すること、批判からは何も生まれない、評価を得ることよりも実を取れ、一歩前に進められる方法を取れ、失敗は糧、リスクを取らないことが最大のリスク、アイデアソン、わくわくを与える、いい言葉をたくさん聞いた。現実的だがスーパー前向きなものの見方、聞いていて元気がでるレクチャーだった。
"","新しいことを始めるときは不安なことが多くて、何が正しいのかわからないことだらけだった。そこで社内の協力がないのは辛い。自分もそんな経験をした。

まずは小さな取り組みから始め、実績をつくり、社内にないリソースは社外で調達など視野を広めて取り組みたい。

文句や批判を言ってる人が本当は一番新しいことをやりたいのではないだろうか。

失敗は学び、味方を増やしていきたい。

"
"","『一歩踏み出すヒント』に事を進める上で必要なことが上げられている。人との関係性やリーダーとしての心構えが理解できました。
"
"",やはり社会課題の解決をミッションにするのが一番、活力がわいてくる
"","社会の為に貢献しようと思うとホントにならどうしたら良いのか？色々考えさせられますね。
自分の為ではなく社会・それを必要としてる人のためにが1番ワクワクが良い相乗効果が生まれ、自分がやりたいことに携わってくれる仲間に感謝の気持ち忘れてはいけませんね。"
"",何か、凄く元気をもらいました。
"","何より大事なのは、とにかくやってみる！。
行動こそが、一番重要。"
"",「頓挫パターン」のどれかに陥りそうになったら、「こ考えると一歩進む」を思い出すようにしたいと思います。
"",達成できなかったことに対して、次こそいけると励ますのか、残念だったと慰めるのでは、捉え方次第のいい例で、前者のほうがチャレンジする風土を作るには良い言葉がけだと感じた。一つ一つの行動は地道に聞こえるが、自分のやりたいことを、目標・目的を見失わずに、熱意を持って取り組むというのが、大事だと感じた。
"","「人間にあるのは限界ではなく可能性である」
ドーバー海峡を途中まで泳げた女性にかける言葉の違い。こういう言葉１つ１つの積み重ねもチームビルディングにつながるのだと思う。
そしてコーポレートベンチャーの良さも分かりやすかった。"
"",新しいことを始めるときに、組織として協力を得るのはハードルが高いが、個人としてアドバイスをもらいながら少しずつ進めて、協力者を得ていく、また、社内がだめなら社外に、という言葉がとても共感しました。
"",理屈より行動力と熱意であることが伝わってきて大変参考になりました。
"",バイタリティーのある方ですね。失敗から多くを学び自信があるこそ説得力のある講義でした。業者はパートナーである　これは発注者側は逸失してしまうことがあります。心に残りました。
"",批判はリスクを恐れているということ。経営側の立場というものがわかりました。論理武装して無理強いするのではなく、リスクが小さいスモールスタートからやらせてもらえるように説得すること。しっかり頭に置いておきます。
"",エネルギーの発散能力いたけていますこと。大きなことをはじめからはやはり難しい。小さな例を乗り越えて達成に向かい続けること。能力とは、エネルギーの発散能力でしょうね。
"",現在の業務は社内ベンチャー的な要素があり参考になりました。特に「夢(事業)のために働かれている方たちの貴重な人生の時間を使ってくれている」は印象に残りました。
"","まずは実践。行動。
そして仲間づくりのプロセスはとても興味深かったです。
個人的に共感できる方にアプローチして一緒にワクワク感をシェアする。
これからチームをつくって学びあい助け合いながら進めていく。
それは社内にとどまらず社外にもどんどんもとめていく。
この点は実際にいま新規ビジネスモデルの検討をするなかで実践していることです。効果がしっかり出せる可能性があると自信がわきました。"
"","TRY＆LEARN、まずは小さい成功事例を一つ作ることを目指して動く、自分の苦手なことは人にやってもらう（自分が苦手であることを受け入れてさらけ出す勇気を持つこと、と解釈しました）など。
一人プロジェクト状態で業務改善に取り組み中の今、役に立つと思ったことが沢山あった。繰り返し視聴しようと思う。"
"",コーポレートベンチャーに取り組む上での心構えやアクションが非常に参考になりました。自分自身でも社会課題の解決に繋がるような取り組みを推進してみたい。
"","論破してもしょうがない、その場で勝っても後で敵になる。目的は味方になって欲しい。共感してもらう。➡ついつい説得しに論破してしまいそうになります。目標を通す事でなく、味方になってもらう事で結果的に通してもらえるようになると考えると、共感してもらうなどアプローチが変わりますね。
　失敗は学びだ。ここまで来れたなら次は行けるよ➡心に響きました。ありがとうございました。"
"","最後が一番印象に残りました
残念だったね、ではなく、すごいここまでできた
この発想の転換は常にしていこうと思いました"
"",失敗を学びと捉える。この言葉を励みに頑張ります。ありがとうございました。
"",内容も参考になることは多かったですが、なんと活き活きしたしゃべり方をするんだろうと感じました。やりたいことと仕事が一致していくと、まさにモヤモヤしながら仕事をする人と正反対の状態になれるんだなと思いました。
"",社会の課題解決は、人の喜びである、
"",具体的事例をありがとうございました。
"",大変に勉強になりました。前向きにモチベーションを保つ事が出来る様に工夫するように心がけたいと思います。
"","現在感じていた私の気持ちとピッタリでした。ということは、私も早くこのステージで""行動""しなければと思いました。"
"",やっぱりリアルな話しは面白い❗
"",小さなことでもいいので、新しいことをやってみることが大事で、そこで得た経験・失敗が糧になり、次の新規案件をやるにあたっての土台となってくると思います。批判家にはならずに、できる可能性を考えて、行動できるように頑張ろうと思いました。モチベートしていただく講義でした。ありがとうございます。
"","前向きを感じるのは、全て実践に裏付けされているから。
「限界と可能性」考えされられました。"
"","Your potential is unlimited！！！
"
"","□評価者であるな学習者であれ
□チームビルディング
□ゴールは実行の先にしかない
□プロセス完璧主義になるな

様々な学びの時間になりました。
プレゼン能力の高さ、ロジカルシンキング能力の高さ、非常に勉強になりました。

"
"",社会の課題を解決するために自己成長しなければならないって観点ではかんがえていなかったので、課題共有とチームビルディングの進め方も含めて心がけるようにしたいと思います
"",まず、彼女の顔つきや声がいいな、と思いました。ほかの方で「こんな風に語りかけられたら、リスクをとって一緒にやりたいと思ってしまう！」と書いてる方がいらっしゃいましたが、まさにその通り。ガツガツギスギスしてなくて、しっかり者というキャラとも違う、不思議な魅力のある人ですね、彼女は。私は起業しているので「大企業から生活保障されてやってんでしょ！」という気持ちで見始めましたが、ぐいぐい引き込まれました。大企業にいても、ベンチャーにいても、情熱がある人って素晴らしい。私の周囲には、大企業のサラリーマンで、経営陣の悪口ばかり言ってる人が少なくありませんが、この動画をぶつけてやりたい(笑)
"","超具体的な内容で良かったです。人は感情で動く、そうですね。批判しても始まらない。評論家になったらお終いですね。実行あるのみです。また、必要に応じて動画見直します。ありがとうございました。
"
"",非常に分かりやすい実践プロセスに基づく解説で、大変勉強になりました。
"",大企業とベンチャーの特長を活かしながら，熱量のある取り組みが成功につながったんだと理解できました。
"",実体験の話で大変勉強になった。とにかく動くということを理解した。
"",自分のやりたいことがあって、それに協力してくれているチームメンバーに対しては感謝しかない、という言葉は、ベンチャーではない既存事業のマネジメントをしている自分にとって、ハッとさせられる言葉だった。既存事業だとついつい、組織としての目標からブレイクダウンしたものがグループの目標となっており、チームメンバーに割り振っているという感覚になってしまうが、グループとしての目標がマネージャー自身のやりたいこととなっていれば、チームマネジメントをどううまくやっていくかという発想になりやすく、自分もそうなるべきだと気づいた。
"",聞いていてポジティブになれました。エネルギーって何をするにも大事だと思います。
"","現在、社内で進めている新しい取り組みへの考え方・進め方の参考になった。
まずは、『動いてみること』。自分が少し完全主義のところがあるので一番心に響いた。仲間を巻き込みながらワクワクして進めていきたい。
"
"",企業内にいてなかなか体験できないことを体験できるところはうらやましいですが、パラダイムの変換とか社会の課題解決に至るところは凄いなと思いました。
"",コーポレートベンチャーの意味、内容、個人が負うリスクがイマイチ理解できていません、進め方もそうですが意味とメリット リスクを学びたいです。
"","アイデアより人、人より行動
的を得た表現だと思います！"
"","最高に勉強になりました。
自分のモチベーションを高め、周囲を巻き込み、とにかく進める。TRY＆LEARN！！"
"",新規事業に取り組む際の、熱い姿勢を感じることができました。
"",大企業ならではの良さを活かしたコーポレートベンチャーの取組み事例として大いに参考となりました｡ まずはスモールスタートでアクションした上でネタを膨らませることが重要かなと思います。
"",チャンスがあったら崖から飛び降りるか？との最初の問いに尽きるのかなと感じました。講師の話を信じる事が出来なければ一歩前に進む事もない。しかしそれは普通の事で悪いことではない。自分自身がどうしたいのかと言う事を考えさせられました。
"",新規ビジネスに一番重要な、熱量をたくさん頂きました。プレゼン冒頭の、オーディエンスを元気にするを全うされていると思います。私は新規創造のセクションではありませんが、場所は関係なく熱量のみでできるはず。とてもよいプレゼンでした。
"",ひとを巻き込むこと、ワクワクをどう伝えるかは非常に難しいと実感しているが、あきらめない情熱をもってやって来たいと強く感じた。
"","非常に参考になり、お話しを聞いていて参考になりました。
新規事業だけでなく、仕事をする上でのあるあるのオンパレードで聞きながら学びだけでなく大笑いすることも多々ありました。オンライン授業で本当に良かった。"
"",実行ですね。結果も盛夏も失敗も反省も改善も、これがなきゃ始まらない。まさに自分ゴトですね。でもせかせかしている方です、常にお尻に火が付いているような。
"","実践した体験から説明してもらえていたのですごく心に響きました。
所々でのネガティブになったところや解決に役立ったやり方なども参考になります。大企業での成功ノウハウは他社（弊社）でも参考になります。"
"",考えてばかりだったことを振り返りました。試してナンボですね。一歩を踏み出すきっかけとなりました！
"",新たな試みを行うことにおいて、考えているだけで何も進んでいない自分でした。止らずにやってみる、仲間を増やしていくことが重要だと実感しました。恥ずかしがらずに助けを求める、知恵を集めて進めたいと思います。
"",言葉に熱意を感じました。情熱、それを形にするプロセスは実行あるのみ。
"",自分が考えていた迷いと同じことをご経験されており、「そうそう」と思わずうなずいてしました。また、迷ったとき、どういう考え方や行動をしたら良いかも伝えて頂いたので、とても参考になりました。
"",チームビルディング、一体化には「ワクワク」が効くということに共感しました。まずは自分自身がワクワクすることで、仲間が拡がっていくのだと思います。
"",グロービス学び放題のコンテンツの中で、もっとも心打たれました。社員の仕事をいかに「自分ゴト」にできるのか、このコンテンツに全て含まれている気がしました。
"",最後は人である。会議ではなく実行、など熱いメッセージをいただいた。本当にその通りだと思う。
"",業務でばりばりできそうである。
"","とても説得力があり、聞いているだけでわくわくする講義でした。
"
"",失敗は学び。苦手なことは得意な人を巻き込む。チームで活動。前向きな考え、とにかくやってみる。
"",考えることも大切だが、考えるだけでは何も変わらない。どんどん実行していこうと思った。
"","「自分にしかできない事こそが価値がある」「実行者でなくサポーターに回るのも一つの手段」「社会の課題解決の為には学び続ける」「自分に関わる人に感謝の気持ちを持つ」金丸氏の実体験を伺う事ができて勉強になりました。批判ではなくどうすればできるのか、前に進むのかを考えていきます。
ありがとうございました。"
"",まず走り出してみる、そして、わくわくが伝わって、まわりの人々も巻き込んでいければなによりだなと、前向きになれる学びでした。
"",全体バリューチェーンと複次産業化、独創的なイノベーションも農業にも取り入れていかないといけないし、いけるような気がした。
"",最も自然に近い場所で活動する1次産業（農業）が、サスティナブルに発展していくために、自分には何ができるのか？と考えさせられました。また、パネリストたちの熱い想いが、動画越しにも伝わってきて感動しました。
"","･まさに産業構造の変革が起きる可能性のある分野。
･データによる生産･生産性･メニュー･マーケティング･ファイナンス様々な変革が起こりえる。
･プラットフォームがどこになり得るか。
･製造業のサプライチェーンにも大きな示唆があると思う。
･野菜を作るのではなく、サラダを育てる感覚。
"
"","非常に内容の濃い、多くの気づきがありよかった。

オーガニック野菜はやはりうまい、に対し、
野菜一つ一つではなく、複数組み合わせたサラダがうまい、
がアグリテックだ、素材勝負ではなく、メニュー化、ブランディング、
でスケールアップしていくというのは一気通貫でバリューチェーンできてる
ことの自信のように感じる。

ただ、素材のインパクトは食文化でもあるので、
今まで食べたことがないようなうまくてでかいイチゴをアグリテックで
ポンポン自動で作られドローンで取れたてが自宅に届くような絵も見せてほしい。
"
"",農業の自動化、アグリテックの進展にて金融、保険など幅広にビジネスチャンスが到来する可能性を感じました。
"","農業の技術参入が盛り上がっている事が今更ながら分かった。
人口減少による農業従事者減を補う事を検討の余地があるのでは無いだろうか。"
"",業務でばりばり使えそうである。
"",人工肉も、含め農業や食料は、これからの成長分野だと、つくづく感じた。
"",関心が高い分野だと分かったのは収穫
"","世界の農業の市場規模が、自動車産業の市場規模の5倍というのは、考えてみれば世界中の人たちが食事をしているのだから、そのぐらいの規模になるのは当然かもしれない。その市場に、ハイテクを入れて生産性を上げ、収穫量と品質を上げる試みは、聞いていてワクワクした。
土で栽培した野菜よりも、工場で作った野菜の方が、肥料が地下に流れ出さないからサステイナブルだ、という話は、自分の今までの視点を変えてくれた。"
"",非常に興味深いお話でした。ありがとうございました。
"",農業に挑戦したい気持ちになりました。
"",農産品の生産も、テクノロジーとデータ（数字）で判断される対象になってしまうのですね。すべてが、テクノロジーにかかわるようになると、人間の、研ぎ澄まされた感性の重要性が、ますます、高あるように感じました。
"",農業への若者の参入のハードルを下げることで、より最新技術の導入が進むことを期待したい。また、農業へのテクノロジーの活用がどの程度進んでいるかをもっとメディアがコマーシャルすることで国民の関心を高めることも期待したい。
"","聞いているだけでワクワクする。
ハードルは色々ありますが、人知で乗り越え、明るい未来を築きたい。
経済がうまく回ることを願っています。"
"",大変勉強になりました。アグリテックという言葉を初めで聞きましたが、農業の可能性が広がるなと感じました。
"",なるほどそういうことですね。
"","「アグリテック、といってテクノロジーに飛びついてはいけない。そのためのマーケティング」の言葉を聞けたのが一番の学びです。社内IT部門にいるので、そうなりがち。
何を目指して進めるか（STP）＋そのためのテクノロジー、の順番で議論できる人材になる！と決意。早速トライ。"
"",大量仕入れや生産が伴わない場合のコスト低減の難しさを感じた。
"",変動費にも注意が必要
"",理解が充分ではなかった。
"","今後の自身の業務に還元したい。

"
"",規模の経済性には、固定費と変動費の低減があることを理解しました。
"",販売数量の適正値はいくらぐらいかも視野に入れて検討して行きたい。
"",３問目が理解不能でしたので説明が欲しいです
"",設問３がわかりませんでした。
"",わかりやすかったです勉強になります。
"",規模経済は、規模の不経済の部分が分かりにくい。
"",開発費がかかる業界なので規模が必要である事がわかった
"",規模の経済性の考え方は、交渉事の際にも役立つと思った。また規模の不経済の考え方は、自分にとって新しかった。
"",①多数の人が、所有したいって思う物を、生み出す。先ずはそれ。②生み出されさえすれば、それ見て、たくさん作ることを考える人や会社が出てきて、実際に作る。やがて欲しい人みんなに行き渡ると、その役目は終わる。②は、パターン化され、ほとんど自動化され、製品化、大量生産のスピードが、どんどん早くなる。ただし、今までに無い製造方法は、やはり人が作り出す、①かな。
"",ニッチな業界では規模の経済性が効きずらく、かといって固定費(開発)を削減すれば新開発に遅れをとる、悩みの一つです
"",一定以上だと規模の経済が効かないというのはことを学んだ
"",自社の製品毎に規模の経済性が適用できるのかどうか再度確認し、好適な販売戦略と製造戦略を議論したい。
"",スケールメリットはコンペとなった場合にも、他者との価格的優位性が取れる重要な要素。
"","比較的理解しやすいセクション。
応用をどうするか、実業務にどう活かすか。"
"",難しい内容であったので、しっかり勉強して深めていきたい。
"",製薬業界がM&Aを繰り返す理由が規模の経済性に起因することがよくわかった。
"",リーマンショックの需要減退局面では、それまでの規模の経済性の追求した産業は裏目に出た。需要動向の見極めや、規模拡大によるリスク管理が重要ではないか。
"",事業の継続可否の検討において、この考え方を活用してみたいと思います。
"",ニッチな市場であれば、規模の経済性が効きにくく、利益も加えると、その分定価に跳ね返ってくる。多くの人に受ける商品であれば、コストを下げて利益を含んでも、適正な金額で提供できる。
"","製造業の仕組みを再確認しました。
"
"",事業規模を大きくして売上数量を増やすとコストが下がり販促費を多くかけられたり、製品単価を下げられたりして販売数量を更に増やし収益を上げられる
"","規模の不経済と言う言葉を初めて知った。
規模を増やし続けると、逆にマイナスに陥る場合があるので、そのラインの見極めは難しい。
"
"",現在の職務に直接は生かせそうにないが、知識として蓄えておきたい内容であった。
"","自社のサービスは無形商材だが、
開発案件のコスト削減ができる営業戦略を考えていきたい。
"
"",製薬業界でM&Aが多いことを規模の経済性を用いて解説されているところが印象に残りました。
"",規模の不経済についても留意すべきであることを学んだ
"",固定費と変動費の考え方が難しい。
"",規模の経済性を特に自分が担当した業種では感じられた。収益が低くても工場の稼働率を大きく上げることで全体の製造経費を下げられたので。
"","規模の経済性をどう活かすことができるか、つい当たり前としてしまうので、あらためて考えてみようと思った。
稼働率向上は規模の経済性と異なるということを初めて知った。"
"",規模の経済性である程度収益を上げることは可能と思うが、それだけでは壁が来ると思う。長期的な競争優位を得るにはそれだけでは足りないように感じる。規模を大きくすることで技術的な競争力をあげるとか、特許を買うなど、が必要である。規模を大きくすることとリストラはリンクすることが多いので、難しいことも多いと感じる。
"",規模の経済の分岐点の見極めが大切と思う。
"",規模の経済性について理解したが、この内容だけでは利益の最大化は図れないのでは？と感じた。
"","規模の経済性では、事業規模拡大だけでなく既存設備の稼働率を引き上げることも有効であることを再認識した。又、事業規模拡大も一定規模以上では不経済が生じる可能性があることにも留意する必要がある。
"
"",事業が大きくなりすぎると管理コストの負荷が大きくなってしまうことがわかった。
"",製造業の仕組みを再認識できました。
"","規模の不経済という言葉は初めて知りましたが、
確かにその通りだと思いました。
規模の不経済についても意識する必要があると考えました。"
"",これまでに何となく理解していた部分を整理して理解しなおすことができました。
"",規模の不経済を考える必要が有ることわかった。
"",規模の経済性は事業環境により、経済性が変わることが分かった
"",昔、社長さんが１店舗でしていた時が一番しんどかったと言っていたのは、こういう事だったのかな
"",稼働率による製品のコストについて学ぶことができた
"",とても単純なことだが、どこまでが規模の経済が有効までかまでは考えていませんでした。
"",テストを二回も間違えた。理解が不足している。規模の経済性は固定費と変動費それぞれに影響を与える。固定費は設備費用、変動費は仕入れ価格。稼働率にも注意する。
"",規模の経済性を求めるときにリスクも考える必要があると思う。
"",クライアントの業界特性により、規模の経済性が利きにくいケースがある事が理解できた
"",規模の経済性は、当社においても非常に重要な施策であり、常に意識していきたい。
"",規模の経済学は基本的な考えだと思います。ただ実務では増加していくアイテム数に悩まされる日々です。
"",規模の経済性と規模の不経済性の見極めが重要
"",利益をあげるために、生産量を増やしてコストカットをすることが重要だと感じました。
"",各業界においての、固定費と売上の関連、コストについて学ぶ事が出来ました
"",製造として今後、コストは常に意識する部分であり、技術・営業と連携し、事業規模をさらに意識し、コスト低減に努めたい。
"",企業情報を見る参考になります。
"",詳しく知ると勉強になりそう。
"","自分の業界は大量仕入による経費削減があまりできない業界（売り先によって仕入価が異なる、物品販売以外は労働力の提供）のため、自分の業務にどう活かせるかがあまりピンとこなかった。
考え方としては身近な事例もありわかりやすかった。"
"",規模の経済性の影響を受けやすい業界の勉強をもっとしないといけないと感じた
"",販売効率を上げて売上が増えれば、利益が増える。
"",固定費が多い業界であっても、固定費が全社共通なのか、地域別の個別店舗の固定費が多いかによって、規模の経済が有効か、稼働率の向上によるコスト低減が優位かが異なるとの指摘は、これまでの分析の中で漠然と疑問に思っていた点であり、今回大変よく理解できた。
"",規模の経済性、基礎が得られました。
"",共通の固定費，稼働率を意識して，事業を行う意識づけが高まる。
"",ベンチャーに始まった企業が、規模の経済性で、大きくなるところまでを想定して、新規事業を考えたい
"",稼働率の考え方との関連がよくわからなかった
"",規模の経済は業種等により影響が変わるため、いろいろな産業について考えてみたい。
"",現在、研究開発に従事しており、「規模の経済」を感じるシーンはあまりないが、全社的にみると製造、営業など、規模の経済が働く部分は多いため、頭のどこかに置いておくようにしたい。
"",他の人のクイズの回答も参考になった。
"",大量生産はコストを押さえられるということは知っていたが、その構造までは理解していなかったので今回学ぶことができてよかった。
"","生産するものはわかったが
サービスなどの分野でも規模の経済が効くのか考えてみたいと思います"
"",自社における規模の経済性(不経済性）、正確に見極めることが投資判断においても重要。
"",事業の将来を検討する際に、前提として頭に入れておくことで、同じ知識をベースに話ができる。
"",業務で活用するには、扱っている商品の固定費、変動費、工場稼働率をしっかり把握した上で、規模の経済性が効きやすいものを販売強化していくよう意識していきたいです。
"","受講した内容は理解できた。
原価を下げるために日々現場で考えていることを、言葉で言い表したものと認識した。"
"",目に入ったのでmaltiさんへのコメントです。稼働率向上は「規模の経済性」とは別の次元の話です。規模を縮小して生産拠点を削減した方が稼働率向上・利益率向上に繋がる場合もあります。
"",販売計画と製造計画との兼ね合いがむずかしいと思いう。
"",規模の経済性が効き始める起点はどこなのかが気になった。
"","稼働率を上げることで商品1つ当たりの変動コストは下がるけれども、稼働率を上げることによる人件費等の固定費はどう考えるのか？
単純に稼働率を上げるだけで良い？
"
"","コストを下げることばかりに注視していました。稼働率を上げることで
固定費、もしくは変動費を押さえる＝コストが下がるに繋がると考えます。
"
"",規模の経済はメーカーとサービスで掛かる指数が異なる
"",単純だけど、規模の経済性が利かないことを見極めることがポイントであると感じた。自分の業務を見直したい。
"",zzzzzzzzzzzzzzzz
"",下がり続けないことは体験として持っていたので納得がいった。
"",以前に学習した内容の良い復習になった。
"",規模の経済は一般でも言われるが、それを実現するのは難しいと思う。
"",規模の経済性は日常業務の中の商品販売量で理解することができる。
"",知っている事がいくつかありましたので理解の整理になりました。
"","規模の経済性について、稼働率を高めることが大事だと
いうことか理解できてよかった。"
"",規模が大きいと逆に不利に働くケースは、プロジェクトなどで実感します
"",自社も規模が大きいので、スケールメリットを利用して、利益をあげていきたい。
"",規模の経済性と不経済性、見極め重要だと再認識した
"",メーカーにとっては普通ですが、コンサルティング業界では難しいかもと思いました。
"",当社の業界では顧客の求める価値が変わってきており、ただ万人受けする物を生み出せばいいわけではなくなっている。規模の経済性をいろんな角度で理解していく必要があると感じた。
"",直接業務には関係はありませんが規模の経済性の仕組みが理解出来ました。
"","設問３はひっかけ問題かな？
言っていることは正しいが、「規模の経済性」ではないので、設問の答えとしたは×らしい。"
"","1.単位あたりの固定費が軽減する、2.仕入れにおける交渉力が強くなる、の2つが要因となって、単位あたりのコストが低減する。

「どの範囲の売上に対して発生するコストか」を考えて固変分解することが重要、という点が大きな学びだった。
たとえば、店舗ビジネスにおいて全社売上が増加するとしても、店舗数が増加する場合は店舗賃借料は変動費になるため規模の経済が効きにくいが、店舗あたり売上が増加する場合は店舗賃借料が固定費になるため規模の経済が効く。
厳密に考えるのは難しいかもしれないが、意識しておきたい。

設問3は良くないのでは？
「設備の稼働率が上がることで単位あたりの固定費が薄まる」ことは規模の経済とは異なる、という話になっているようだが、「生産量が増えて単位あたりのコストが低減する」という定義で考えるならこれも規模の経済とみなして良いのではないか？
わざわざ分ける意味はないと思う。"
"",金融機関も巨大な装置産業であり、顧客基盤を拡大する事でスケールメリットを享受する事のできる業界だと思う。
"",研究試薬を大量に購入することによるvolume discount を可能にし、実験にかかるコストを低減し、最終的に製品開発コストを効率化することができる
"",良い品やサービスを世の中に広める方法として規模の経済性を検討する事がとても有効と感じました。
"",規模の経済性のメリットは、固定費の削減、仕入れコストの低減。規模を拡大していく際のイニシャルコストに対するリターンを見るべきだろうか。
"","品物やサービスの全てが、規模の経済性によるわけではない。
規模に目が奪われて、物量至上主義では立ちいかないものを見失わないようにしたい。"
"",規模を大きくすることで良い循環の流れを構築することがきできることを学んだ。
"",サービス業においては規模の経済による利益享受がしにくいとされていたが、例外などないのだろうか。考えてみたい。
"","生産の規模が大きくなればなるほど製品一つ当たりの平均コストが下がる状況。
メリット：売れるほど利益になる、価格競争に巻き込まれても耐えられる、競合に対する参入障壁となる
デメリット：初期投資が大きい、売れなくなると赤字、規模の不経済"
"",コスト試算に有用です。
"",規模の経済性について、そのメカニズムまで理解することが出来た。
"",規模の経済性なのか稼働率の経済性なのか、どちらが効くのかを確り見極めてコスト構造分析を行うことがポイントかと思います。
"",街に並んでいる商品の見方が変わると思う。
"",メーカーであれば規模の経済性が大きくなることは理解できましたが、他の業界では当てはまらないのでしょうか？
"","たくさん作って、一個当たりの原価を下げたい…って事？
売れる事が前提ですよね…。"
"","日々当たりまえに考えてることが体系整理できた。
仕入れ・生産フェイズだけでなく、人件費も含めて、要は資産建ぺい率（使い倒し）を上げていくことが収益改善につながる。"
"",メーカーのため、一台あたり変動費・固定費を下げるという観点で施策を講じたい。
"",調整の手間が増えるで起こる規模の不経済や、稼働率のコストに与える影響は考えていなかった。
"","固定費を如何に抑えてモノづくりができるか？がコスト競争力に繋がる。
売れる製品と売れない製品がある為、製造キャパを考えながら受注選択をし製造利益を確保することが大事。"
"",規模の経済性といった時にイメージしていたのは単位あたり固定費が減ることであったが、変動費が減るという点が勉強になりました。また稼働率も裏返しの関係で重要と認識しました。
"",販売を増やして生産数を上げて変動費を押さえたいところだが売れる物ばかりではないので難しさもある。
"",稼働率を高めることによる生産量、ひいては販売量拡大については、注意が必要と感じた。稼働率を高めることは、工場や人などの資源にかかわる為、コストを見極めないといけない。
"",規模の経済性は製品1個あたりの固定費に目が行きがちだが、変動費も下がることがあることに留意しようと思いました。また、ただ単に規模を大きくするのではなく、稼働率と、ある程度の身軽さを意識し、最適なバランスを取ることが重要だと感じました。
"",事業で活用するためには、自社の商流の中でどこにコストがかかっているのかを把握する必要がある。単純に規模の拡大を目指すだけでは、規模の優位性を得ることができないことが新鮮であった。
"",シェアNO.１がますます強くなる。
"",「規模の不経済」は大量生産販売に合わせた製造設備や販売店を持つと、生産販売量が減ったときに不経済になるからだと思い込んでいた。　「コミュニケーションや調整のコストがかかるようになるから」ということを今回学び、大変納得した。
"",大量仕入れ、大量生産を行っても、工場の稼働幅、固定費の分散を見極める事が重要だと思います。
"",現状のリソースと生産性を考慮して、事業拡大についての戦略を立案する必要がある。
"",自社では規模の経済を働かせるには、やはり販売量を増やすことが重要であると再認識しました。
"",規模の経済性は一定ラインを超えると、不経済性になることが感覚的には理解でいる。どのラインを超えると不経済性になるかを知りたい。
"","規模の優位から色々な取引作に対しても有利な条件を獲得できる
規模が見込めない場合はニッチ戦略等を検討する必要がある"
"",業界や事業体系によっては、スケールメリットは一概に得られるわけではない為注意が必要。
"",規模の経済性、よく聞く言葉ではありましたが、意味をよく理解することができました。
"",機械の稼働率が低い場合は工場内での稼働率を上げることで工場内での経済性が上がること、事業所を跨いで固定費等の供用ができれば企業として規模の経済性が活用できることが理解できた。
"",今働いている会社は、大きな設備を建設し、大量生産し、スケールメリットで大きくなってきた過去の成功体験への固執、サンクコストとしてみなすにはあまりに大きいアセットや人員に縛られて最適な経営判断がなされていないように思う。
"","分かりやすかった、これからに生かしていきたい


"
"",汎用品はできるだけ多く売って規模の経済性を確保する
"",特になし
"",規模を拡大すればいいいわけでなく、バランスが重要であると感じました。
"",スケールメリットを高める手法がいろいろあることを知った。
"",サービス業なので少しイメージが湧きにくかったが、基本の概論はわかりやすかった
"",規模の経済性は単品大量生産には向くが、消費者の嗜好が多様化・再分化する現代社会においては実現させるに当ってクリアしなければならない課題が多くなっていると思う。
"",単に仕入数が大きければ単価は下がると考えていたが稼働率の影響も考慮に入れる必要があるのは勉強になった。
"",コミュニケ－ションや調整の手間暇が増すことで、規模化がかえって、単位当たりのコストが増し、「規模の不経済」になるということがわかった。
"",私がいる業界は無形商材を扱っているためスケールメリットは効きにくいが、有形商材の推進、規模拡大に関しての仕組みを理解できた。
"",言葉は初めてでしたが、「稼働率UP」や「コモンプロセスの統合」といった施策と重なり、わかりやすかった。
"",事案毎に、規模の経済性の波及範囲を見極める事が必要
"","規模の経済性の理解を深めて活用して行きたい
"
"",規模の経済性について理解ができた。留意点としてあげられた、規模の不経済性の話が興味深かった。大規模になればなるほどいい、とは一概にはいえない場合もあることがわかった。
"",当社に規模の不経済が起こっていることがよく分かった
"",規模の経済性と言うことを初めて知った。
"","うちは物じゃない。
紙、他社と合同購入"
"",稼働率を上げることで生産量を拡大する方法は、規模の経済には含まれないのですね。
"",規模の経済性に対する理解が深まった
"",スケールメリットをどのような場面で活かせるのか、という視点の大切さを改めて認識しました。
"",業務において、単純に販売できるものは、組織の生産性を高めて一人当たり多数の生産をすることを目指したい。
"",個別の製品ごとに販売数量とコストの関係性を見てみると、すでにどの程度効果が出ているのかがわかると感じた。
"",開発費の適切な回収を考える上では、規模の経済性の考え方も考慮したいと思います。
"",規模の経済性は内容を良く見極めることが肝要であると感じた
"",規模の経済性は理解できるが、規模拡大の目安、分岐点をどのように設定するのかが大事
"",規模の経済性は固定費と変動費に影響される事。業界によって規模の経済性は異なる事を知りました。
"",規模の経済性がどのよいな場合に働くか理解することができた。
"","かなり難しく感じました。
今後更に学びたいと思います。"
"",規模の経済性、製作費の原価を削減するときに活用したい
"","業務で活用するには規模の経済性が効く性質の物なのか否かを、まず考えなければいけないと思いました。
ただ増えれば増えるほど規模の経済性が効くというのは、自分にとって落とし穴だと感じました。"
"","大量生産により必ずしも規模の経済性が起こるとは限らない。
その分岐点をしっかり見極める必要があると感じた。"
"",規模の経済性については、比較的わかりやすく、自分の業界に落とし込んで、受講することができました。
"",生産性、稼働率のバランスが重要であること、認識しました。
"",規模の経済性の理論は理解出来た。どの程度の生産量まで現状の固定費で対応出来るか分析することも重要である。
"",規模の経済性を意識することで、競合他社との商品の価格の差、シェア率は事業規模の大きさによって決まり優位性を持ち顧客の獲得に繋がっている事が把握する事が出来、そこから自社と顧客から見たポジションを理解し、現在ある資源でどう行動していくかの戦略に活かしていきたいです。
"",規模を大きくすることは必ずしもコスト削減につながるわけではないことに驚いた。
"",規模の経済性が働く場合と、そうでない場合があることを学んだ。全体で共有できる固定費において有効。
"",大量生産の見極めが大事
"",規模の経済性と規模の不経済の理解が深まった。
"",自社の製品が規模の経済性に当てはまるのかよく検討する必要があると感じた
"",規模の不経済というイレギュラーな状況にどのように対応していくかを考えることが重要だと感じた。
"",規模の経済性をうまく活用できる業種はある程度の経済圏を確保できているところに限られている気がする。実例と共にもう少し詳しく学んでみたい。
"",客や他社の規模の経済性をはかるのに生産量のみならず稼働率も見なければ、実態を捉えきれないことを学んだ
"",規模の不経済が発生することも念頭におくことが必要と、改めて認識した。
"",問3がわからなかったので見直す
"","固定費の分散が上手くできるようにひとつひとつの固定費の意味・影響を考えるようにしたいと思いました。
"
"",スケールメリットの仕組みを理解できました。
"",規模の経済性が生かせる局面が来たら機を逃さず対応する。
"",規模の不経済を見落としがちになるので、実務では、そこを見極める分析、数値の管理が重要だと認識できた。
"",規模の経済性、環境問題等を考慮すると難しい時代になってきた。
"",規模の経済とコストの関係を勉強していきたい
"",規模の経済性について学習した上で、規模が大きくなると材料調達や納期に制限が出ることもあることを思い出しました。
"",固定費のコストダウンは、常に考えており、これにより製品単価が下がることを意識する様に心がけている。
"",スケールメリットにより、固定品の負担が分散されたり、買い手の交渉力が増して原材料が安くなりコストが削減されるというのは理解できました。規模の不経済に関してはイメージがわきませんでしたが、組織が大きくなりすぎることによる弊害だということを理解できました。
"",規模の不経済という考えを頭に入れて拡大方向性を検討しなくてはならない。
"",コストダウンを行いたいときは、規模の経済性だけでなく稼働率も考慮に入れる
"",どれくらい売れるのかによるので、その見極めが難しそうです。
"",コスト削減の基礎がわかる
"",販売高は企業規模の比較の際目につきやすいが、経済性という観点では稼働率が重要で、生産量が上がるほど規模の経済性が際限なく良くなるわけではないことを学んだ。
"",そうだったんですね！
"",規模の経済勉強となりました
"",規模の経済を意識し、共有出来る部分を検討して見るにも良い
"",単純に稼働率を上げることにより変動費があがることもある。
"",規模の経済の最大活用を検討したい
"",スケールメリットを常に意識して思考したい
"",ある一定の規模までであれば規模の経済性は確保できる
"",稼働率向上には、全ての工場の生産性を上げる必要がある。工場集約もひとつの方法と考える。
"",規模の経済が働かない業界が違和感まだある
"",以前習った記憶があり、問題なく理解出来た。
"",規模の不経済は初めて学びました
"",事業の種類で規模の経済性も変化すると感じました。
"",理論的には理解できるが実感はしない
"",規模の不経済は、重要な分析だと思います。
"",規模の経済性のメリットデメリットが理解できた
"","ちょうど100人目らしいので書いて見ました、
インターネットでも、利用者を規模とみれば、規模の経済性がありますね、"
"",コストには、固定費(人件費等)と変動費(仕入)があり、全体事業量が多くなると固定費は分散されある程度吸収できる。また、変動費についても同じ商品を多く仕入れることにより1個あたりの単価が下がり、規模の経済性に貢献できるのではないかと考えます。
"",固定費、特に間接部門経費の負担軽減のために、規模の経済性は常に追い続ける必要がある。一方で増産のためには設備投資などが必要になる場合もあり、結果としてコストアップになってしまわないよう慎重な検討を要する。
"",規模の経済性はスケールを大きくすることによる、固定費、変動費を分散し、おさえることが可能となる。規模の不経済が生じることは理解していなかったのであらたな発見でした。
"",製薬業界でM&Aが頻繁に行われている理由が分かった。
"",費用対効果を最大にする必要性を学んだ。規模を大きくして単位当たりのコストを下げても、品質問題が起きたりしては意味がないので、ビジネスではそのように効果を出すのかは熟考が必要となると思います。
"",お店が2店舗以上になる場合、固定費はできるだけ共有化することでコストを押さえることがてきる。固定費の考え方、見方を学べました。
"",業界内でイニシアチブを取るにしても、規模の経済性は必要であり、その力を維持する為にも自社の保有する能力を更新する必要があると認識した。
"",得意に広告宣伝の分野で当てはまります
"",これからも東南アジアの重要性は高まっていくと思います
"",固定費，変動費に基づいて規模の経済性を考察する必要がある．
"",スケールメリットを生かしやすい業種・製品とそうでないものはあり、それぞれに合った費用のかけ方があると感じます。
"",不経済となる局面の規模を自社の事業に合わせて考えるのが大切だと感じた。
"",規模の経済性を業務で活かすにはまず自社の業種ではどのような規模の経済性が存在するのかを学習する必要があると感じた。またどのような規模の経済性が存在するのかは現場に出ることで身を持て学ぶことができると思うので現場に出た際に学びたい。
"",大量生産が成功すると売り上げが大きくなり固定費が相対的に小さくなるので非常に有効である。
"",規模の経済性において、有効な業界とそうではない業界があることを知った。
"",「規模の不経済が発生する」という認識は低かったので勉強になりました。
"",規模の経済はいつも考えているが、不経済とか、特定の地域内だけとかの部分は勉強になった。
"","生産目線です。
固定資産の投資を考える時に稼働率は確保できるのかという観点で考えることで固定費を圧縮できる。
ただ、急に数を増やしたくてもバッファがないのでその際は増産を諦めて利益やシェアを減らすか、社外で行うことになって変動費が増えるか、選択を迫られることになる。
理想は、一番は多品種少量の生産ラインを簡単に作れるようにしておくこと、二番に専門ラインも作れるノウハウを持っていることだと思う。そうすることで急な増産には多品種ラインの急造で対応し、大規模が見えてきたら専門ラインを立ち上げられるなどと、臨機応変に対応できる。"
"",製薬業界も規模の経済性は効きにくくなっていると感じる。
"","規模の経済性と稼働率の向上によるコスト低減の違いが分かりにくかった。
"
"",規模の経済とは別に、規模の不経済の認識を持てたので留意していきたい
"",スケールメリットについて学んだ。どの固定費までを検討対象にするのかを注意する。稼働率変動も影響する。
"","規模の経済性について、固定費の変動により数字に大きく影響することについて理解出来ました。
今後、小売業においてもM&Aが加速化されると思います。"
"",なんとなく理解できたかなという感じです
"",研究開発に携わる者は、規模の経済性まで考えて製品開発しなければならない、と改めて感じた。
"",グローバル競走の中では、中々規模の経済性だけでは、勝てない。差別化視点で、新たな事業を始め、そこから規模拡大したさせていくステップを多くもつことが必要。
"",とい３が何回もまちがえた。
"",改めて規模の経済性を考えて行く必要性を理解できた。
"",理解が進みました。
"",部の戦略を考えるときに、会社全体を視野に入れることを考えてみたい。
"",最高でしたまたみたいです
"",非経済性にも注意が必要だと学んだ。
"",トップラインの拡大の重要性が理解できた
"",設問3がなぜ適切でないかの解説を頂けると嬉しいです。
"",規模の経済性については、感覚として持っていたものの、理論的に学ぶことで、腹落ちできました。
"",規模の経済性の重要性が理解できた。
"",規模の拡大による経済性を理解できた
"",固定費については、変曲点があることに注意
"",規模の経済について改めて学べました。
"",規模の経済性メリットを謳えるような製品の企画が重要であると感じた。
"","規模の経済性は理解できるが実際は人（交渉相手）の問題でうまくいかないことが多いように感じる。
"
"",規模の不経済性については、今回の講義で改めて気づかされた。
"","規模の経済性で1個あたりのコストを下げることが出来るが
お客様ニーズに合った売れる商品なのかが大事だと感じます。"
"",製造業ではなくても、オフィスの賃料や光熱費などは固定費なので、規模の経済性のメリットがある。
"","適切な打ち手を検討するにあたっては、事業とそのコスト構造を把握することが重要だと思います。固定費と変動費、固定費であれば賃料、人件費などがあり、人件費は製造業であれば工場の月間稼働率とその繁閑差と関係してくる。つまり単に工場の生産量が大きいだけでは適切な規模の経済を生み出すことはできない。
「規模の経済」を概念を理解の上、要素(コスト費目など)に分解し、具体的に業務活動の指標レベルで考えることで活用に繋がると思います。"
"",当社は受注生産のカスタマーオーダーメイドの業態であるため、部品の共通化による規模の経済性が汎用品に比べ難しい状況にあると感じた。
"","コーポレート機能を事業部間で共有することで規模の経済性が発生する。
これを念頭において活動することで、同様のメリットを意識的に発生することができる。"
"",稼働率は規模の生産性とは無関係というのが気づきでした。
"",既存の業務では、Preferred顧客を増やし、規模の経済性を実践できるかもしれません。
"",規模の経済は業種等により影響が変わるため、いろいろな産業について考えてみたい。原料系、商社系も含めて。
"",人件費メインのわが業界は、一定の規模経済は働く。
"",日常の業務において規模の経済性が大きく働いていることを理解できた。稼働率の影響のことをもう少し知りたい。
"",規模の経済性は、相対的に大きなビジネスにならないと、効果はでにくいものと思いますが、例えば、共同購入などの例もあるので、小さいビジネスでも、最初から、諦めないようにはしたいと思います。
"","規模の経済性
スケールメリットを出すには販売部門との握りだけでなく、そもそもその製品が大量に生産して売れるものであるかの見極めも重要である。
"
"",業務で活用できるよう頑張る。